aback,1284
abaft,1072
abase,401
abate,537
abbey,641
abbot,768
abhor,592
abide,380
abler,351
abode,372
about,573
above,470
abuse,297
abyss,682
ached,471
aches,232
acids,306
acorn,491
acres,193
acrid,482
acted,368
actor,448
acute,432
adage,647
adapt,846
added,761
adder,529
adept,408
adieu,383
admit,586
adobe,372
adopt,526
adore,303
adorn,455
adult,531
aegis,226
aeons,212
affix,1092
afire,318
afoot,754
after,380
again,876
agape,642
agate,525
agent,423
agile,372
aging,876
aglow,675
agony,713
agree,531
ahead,591
aided,452
aides,185
ailed,318
aimed,389
aired,296
aisle,213
alarm,701
album,850
alder,323
alert,253
alias,414
alibi,802
alien,285
alike,362
alive,384
allay,1233
alley,521
allot,579
allow,785
alloy,756
aloes,162
aloft,511
alone,321
along,552
aloof,767
aloud,478
alpha,949
altar,546
alter,240
altos,269
amass,832
amaze,782
amber,472
amble,476
amend,482
amigo,611
amiss,502
amity,667
among,709
amour,507
ample,451
amply,896
amuse,301
angel,384
anger,396
angle,412
angry,718
angst,448
anime,372
ankle,401
annex,672
annoy,799
annul,784
antes,187
antic,573
anvil,655
apace,607
apart,748
aping,714
appal,1167
apple,527
apply,1035
apron,484
aptly,682
areas,267
arena,452
argue,413
arise,211
armed,452
aroma,693
arose,204
array,1095
arrow,737
arson,305
ashen,325
ashes,297
aside,279
asked,363
askew,365
aspen,314
assay,814
asses,402
asset,327
aster,255
astir,328
atlas,460
atoll,579
atoms,371
atone,317
attar,892
attic,730
audio,606
audit,516
auger,352
aught,799
augur,860
aunts,366
auras,420
autos,320
avail,857
avers,252
avert,424
avoid,609
avows,507
await,790
awake,692
award,895
aware,567
awful,838
awoke,470
axiom,689
axles,269
azure,426
babel,557
babes,343
backs,609
bacon,683
badge,554
badly,854
baggy,1309
baits,363
baize,459
baked,557
baker,468
bales,235
balls,598
balmy,962
banal,913
bands,407
bandy,875
bangs,523
banjo,818
banks,565
banns,606
barbs,492
bards,331
bared,461
barge,461
barks,455
barns,334
baron,532
basal,598
based,367
baser,299
bases,343
basic,451
basil,395
basin,433
basis,490
basso,519
baste,289
batch,860
bated,425
bathe,441
baths,500
baton,577
bayou,696
beach,522
beads,264
beady,543
beaks,356
beams,342
beans,292
beard,461
bears,224
beast,282
beaux,555
beech,924
beets,456
befit,590
began,518
begat,470
beget,813
begin,642
begot,542
begun,733
being,642
belie,654
belle,966
bells,449
belly,792
below,568
belts,330
bench,656
bends,363
bergs,337
berry,782
berth,536
beryl,479
beset,482
besom,417
bevel,943
bible,654
bided,797
bides,336
bight,1062
bigot,833
bilge,564
bills,684
billy,1264
binds,525
biped,642
birch,885
birds,381
birth,770
bison,524
bitch,1011
bites,299
black,952
blade,458
blame,476
bland,684
blank,818
blare,351
blast,405
blaze,554
bleak,530
bleat,421
bleed,794
blend,544
blent,504
bless,476
blest,353
blind,848
blink,995
bliss,684
block,1064
blocs,511
blond,801
blood,1106
bloom,1243
blots,464
blown,962
blows,617
bluer,440
blues,339
bluff,1528
blunt,827
blurt,653
blush,663
board,567
boars,313
boast,369
boats,368
boded,769
bodes,322
boggy,1541
bogus,692
boils,423
boles,260
bolts,464
bombs,873
bonds,517
boned,564
bones,286
bonny,1368
bonus,617
booby,1769
books,919
booms,873
boons,758
boors,602
boost,719
booth,1243
boots,719
booty,1259
booze,896
borax,711
bored,549
bores,266
borne,436
bosom,873
bough,1221
bound,1007
bouts,581
bowed,693
bowel,534
bower,572
bowls,617
boxed,764
boxer,631
boxes,402
brace,428
brags,408
braid,512
brain,513
brake,468
brand,616
brass,492
brats,336
brave,540
bravo,693
brawl,675
brawn,741
bread,461
break,468
breed,814
briar,678
bribe,615
brick,938
bride,525
brief,547
brier,615
brigs,469
brims,459
brine,445
bring,870
brink,855
briny,831
brisk,564
broad,567
broil,545
broke,540
brood,1067
brook,1193
broom,1154
broth,797
brown,901
brows,548
bruin,768
brunt,766
brush,672
brute,503
bucks,845
budge,795
buggy,1812
bugle,656
build,895
built,820
bulbs,814
bulge,656
bulks,749
bulky,1319
bulls,814
bully,1487
bumps,854
bunch,1234
bunks,800
buoys,676
burly,873
burns,463
burnt,766
burro,1107
burrs,683
burst,560
bushy,864
busts,842
butte,762
butts,842
buxom,1423
buyer,602
cabal,1031
cabby,1208
cabin,691
cable,443
cacao,1001
cache,598
cadet,368
cadre,409
caged,487
cages,225
cairn,491
caked,526
cakes,280
calls,530
calms,454
calyx,985
camel,423
cameo,317
camps,571
canal,834
candy,792
canes,206
canny,1036
canoe,386
canon,768
canto,524
caper,414
capes,256
capon,630
cards,318
cared,409
cares,193
cargo,563
carol,421
carry,887
carts,293
carve,486
cased,350
cases,292
casks,714
caste,270
casts,523
catch,996
cater,326
cause,288
caved,583
caves,283
cavil,710
cease,379
cedar,409
ceded,1048
cells,402
cents,340
chafe,535
chaff,1202
chain,676
chair,548
chalk,899
champ,988
chant,731
chaos,393
chaps,554
charm,749
chart,631
chary,753
chase,319
chasm,559
chats,482
cheap,540
cheat,492
check,971
cheek,971
cheer,717
chefs,522
chess,578
chest,460
chick,1480
chide,583
chief,625
child,842
chill,1147
chime,596
china,676
chink,1162
chins,590
chips,675
chirp,870
choir,693
choke,677
chops,675
chord,816
chose,365
chuck,1718
chump,1351
chums,790
chunk,1309
churl,746
churn,865
chute,613
cider,470
cigar,571
cinch,1262
circa,648
cited,470
cites,254
civet,583
civic,1754
civil,1265
clack,1070
claim,637
clamp,824
clams,454
clang,724
clank,775
clans,369
claps,454
clash,473
clasp,454
class,530
claws,466
clean,397
clear,310
clefs,403
cleft,573
clerk,471
clews,391
click,1227
cliff,1234
climb,975
clime,491
cling,882
clink,937
clips,528
cloak,654
clock,1190
clods,375
clogs,458
close,311
cloth,774
cloud,790
clout,721
clove,546
clown,859
clubs,613
cluck,1401
clues,285
clump,1090
clung,995
coach,868
coals,307
coast,354
coats,312
cobra,602
cocks,836
cocoa,1001
codes,249
coils,357
coins,439
colds,375
colic,856
colon,961
colts,392
combs,663
comer,463
comes,283
comet,444
comic,1057
comma,872
conch,1248
cones,257
conic,987
cooed,672
cooks,836
cools,585
copra,555
copse,345
coral,421
cords,364
cores,209
corks,496
corns,375
corps,451
costs,635
cotes,235
couch,1329
cough,1145
could,790
count,815
coupe,626
coups,619
court,696
cover,537
coves,311
covet,520
covey,606
cowed,603
cower,497
coyly,1135
cozen,576
crabs,367
crack,951
craft,641
crags,353
cramp,744
crane,349
crank,699
crape,414
crash,480
crass,435
crate,326
crave,486
crawl,608
craze,492
crazy,877
creak,439
cream,415
credo,472
creed,717
creek,775
creep,717
crepe,717
crept,462
cress,367
crest,311
crews,326
cribs,419
crick,1094
cried,470
crier,557
cries,213
crime,464
crimp,852
crisp,511
croak,601
crock,1123
crone,393
crony,775
crook,1123
crops,451
cross,531
croup,840
crowd,872
crown,832
crows,486
crude,548
cruel,384
crumb,1053
crush,634
crust,518
crypt,840
cubes,367
cubic,1303
cubit,936
cuffs,932
cults,491
curds,426
cured,548
cures,252
curls,352
curly,767
curry,1224
curse,357
curst,518
curve,625
cycle,700
cynic,1252
daddy,1318
daily,599
dairy,507
daisy,440
dales,210
dally,955
dames,269
damps,511
dance,440
dandy,998
dared,529
dares,203
darts,266
dated,502
dates,200
datum,687
daubs,434
daunt,570
dawns,437
dazed,759
deals,210
dealt,317
deans,221
dears,203
death,406
debar,461
debit,544
debts,345
debut,621
decay,475
decks,403
decoy,539
decry,574
deeds,611
deems,515
deeps,525
defer,820
deign,634
deity,502
delay,441
dells,401
delta,317
delve,895
demon,532
demur,613
dense,496
dents,275
depot,467
depth,615
derby,677
desks,547
deter,618
deuce,814
devil,623
diary,507
diced,712
dices,279
dicta,533
diets,277
digit,1126
dikes,349
dimes,327
dimly,950
dined,707
diner,448
dines,283
dingy,1123
dirge,527
dirty,690
discs,624
disks,747
ditch,883
ditto,859
ditty,1114
divan,722
dived,907
diver,602
dives,386
dizzy,1563
docks,572
dodge,745
doers,246
dogma,714
doing,869
doled,569
dolls,532
domed,746
domes,313
donor,872
dooms,720
doors,490
dosed,453
doses,372
doted,590
dotes,244
doubt,905
dough,1044
doves,355
dowdy,1444
downs,562
downy,1106
dowry,950
dozed,866
dozen,639
draft,585
drags,338
drain,453
drake,443
drama,837
drams,332
drank,623
drape,438
drawl,562
drawn,651
draws,356
drays,359
dread,529
dream,452
dregs,312
dress,389
dried,612
drier,612
dries,236
drift,739
drill,707
drily,609
drink,767
drips,395
drive,602
droll,716
drone,427
droop,987
drops,417
dross,490
drove,599
drown,799
drugs,459
drums,468
drunk,854
dryly,897
ducal,663
ducat,623
duchy,1247
ducks,670
ducts,490
duels,307
duets,319
dukes,418
dully,1285
dummy,1592
dumps,714
dumpy,1322
dunce,589
dunes,324
dunno,1127
duped,876
dupes,402
dusky,821
dusty,682
dwarf,793
dwell,818
dwelt,501
dying,1123
dykes,416
eager,531
eagle,537
earls,181
early,392
earns,191
earth,377
eased,413
easel,327
eases,402
eaten,450
eater,431
eaves,390
ebbed,1177
ebony,806
edged,1157
edges,505
edict,525
edify,736
eerie,712
egged,1157
eight,666
eject,845
elate,403
elbow,716
elder,555
elect,593
elegy,779
elfin,645
elite,508
elope,565
elude,709
elves,497
email,432
emits,411
empty,777
enact,481
ended,1001
endow,650
enemy,811
enjoy,897
ennui,816
enrol,377
ensue,470
enter,507
entry,500
envoy,828
epics,423
epoch,773
equal,616
equip,835
erase,338
erect,568
erred,927
error,753
essay,458
ether,623
ethic,652
evade,747
event,770
every,855
evils,383
evoke,847
exact,597
exalt,521
excel,864
exert,741
exile,752
exist,456
exits,456
expel,919
extol,629
extra,430
exult,710
eying,781
eyrie,560
fable,490
faced,510
faces,241
facts,452
faded,668
fades,266
fails,373
faint,631
fairs,291
fairy,603
faith,681
fakir,630
falls,602
false,287
famed,574
fancy,911
fangs,523
farce,430
fared,464
fares,224
farms,423
fasts,599
fatal,869
fated,440
fates,234
fatty,1063
fault,673
fauna,991
fauns,456
fawns,538
fears,224
feast,292
feats,284
feeds,526
feels,461
feign,657
feint,514
fells,461
felon,502
fence,800
feral,355
ferns,280
ferry,791
fetch,652
feted,808
fetid,568
fetus,407
feuds,405
fever,939
fewer,880
fiche,639
fiefs,508
field,570
fiend,626
fiery,545
fifes,428
fifth,1316
fifty,1309
fight,1122
filch,1048
filed,570
files,293
filet,460
fills,719
filly,1320
films,614
filmy,1127
filth,901
final,629
finch,1128
finds,548
fined,626
finer,460
fines,301
finis,778
finny,1415
fiord,700
fired,547
fires,257
firms,500
first,481
fishy,759
fists,765
fitly,916
fives,417
fixed,821
fixer,640
fixes,424
fjord,1050
flags,506
flail,829
flair,482
flake,481
flaky,1004
flame,477
flank,821
flaps,506
flare,355
flash,501
flask,562
flats,407
flaws,530
fleas,318
fleck,710
flees,461
fleet,654
flesh,434
flick,1123
flier,397
flies,293
fling,1027
flint,799
flirt,594
flits,511
float,511
flock,1066
floes,259
flood,1112
floor,868
flora,459
floss,690
flour,705
flout,824
flown,979
flows,626
flues,351
fluff,1719
fluid,931
fluke,662
flume,652
flung,1138
flush,679
flute,514
flyer,494
foams,446
foamy,813
focal,624
focus,635
foggy,1547
foils,433
foist,480
folds,469
folio,974
folks,631
folly,1280
foods,726
fools,690
foray,606
force,480
fords,425
forge,533
forgo,1178
forks,559
forms,515
forte,436
forth,813
forts,430
forty,827
forum,950
found,999
fount,915
fours,488
fowls,626
foxes,400
foyer,493
frail,482
frame,466
franc,672
frank,733
fraud,663
freak,468
freed,820
freer,971
frees,425
fresh,416
frets,305
friar,715
fried,547
frill,888
frisk,573
frock,999
frogs,501
frond,768
front,693
frost,486
froth,813
frown,914
froze,623
fruit,787
fudge,797
fuels,423
fugue,953
fully,1523
fumed,794
fumes,431
funds,593
fungi,1191
funny,1597
furry,1380
furze,737
fused,486
fuses,508
fussy,992
fuzzy,2049
gable,482
gaily,702
gains,378
gales,219
galls,571
games,276
gamin,753
gamma,1454
gamut,821
gangs,604
gaped,527
gapes,279
gases,327
gasps,687
gates,220
gaudy,894
gauge,628
gaunt,710
gauze,620
gauzy,1136
gavel,526
gawky,1164
gayer,427
gayly,1085
gazed,645
gazer,529
gazes,324
gears,206
geese,658
genie,739
genii,739
genre,686
gents,340
genus,404
germs,327
ghost,582
giant,625
gibes,349
giddy,1398
gifts,634
gilds,456
gills,670
gimme,802
gipsy,695
girds,389
girls,328
girth,774
given,727
gives,406
glade,446
gland,689
glare,329
glass,571
glaze,534
gleam,481
glean,418
glens,358
glide,543
glint,757
gloat,489
globe,570
gloom,1195
glory,715
gloss,642
glove,575
glows,581
glued,601
gnash,545
gnats,417
gnaws,534
gnome,611
goads,358
goals,335
goats,348
godly,930
going,1084
golly,1218
gongs,755
gonna,831
goods,692
goody,1374
goose,434
gored,521
gorge,607
gorse,326
gotta,735
gouge,768
gourd,840
gouty,1007
gowns,694
grabs,408
grace,405
grade,445
graft,687
grain,534
grams,394
grand,637
grant,561
grape,440
graph,755
grasp,473
grass,469
grate,364
grave,522
gravy,901
graze,529
great,364
greed,789
green,686
greet,632
greys,336
grief,553
grill,836
grime,516
grimy,951
grind,791
grins,396
gripe,507
grips,474
grist,476
groan,531
groin,674
groom,1118
grope,495
gross,574
group,893
grove,589
growl,730
grown,920
grows,526
grubs,577
gruel,413
gruff,1386
grunt,781
guano,597
guard,656
guess,565
guest,431
guide,583
guild,899
guile,560
guilt,824
guise,374
gulch,1124
gulfs,706
gulls,791
gully,1466
gummy,1779
gusto,562
gusts,829
gusty,733
gypsy,989
habit,660
hacks,610
hails,323
hairs,260
hairy,540
haled,385
halls,533
halts,388
halve,469
hands,361
handy,799
hangs,488
happy,1178
hardy,674
harem,415
hares,196
harms,379
harps,393
harpy,759
harry,899
harsh,555
harts,326
haste,282
hasty,521
hatch,996
hated,406
hater,349
hauls,399
haven,518
havoc,810
hawks,642
hazel,477
heads,231
heady,480
heals,275
heaps,322
heard,400
hears,201
heart,349
heath,518
heats,291
heave,704
heavy,576
hedge,927
heeds,471
heels,390
heirs,244
helix,592
hello,596
helms,395
helps,380
hence,759
herbs,327
herds,294
heron,407
heros,254
hewed,986
hides,303
hills,638
hilly,1192
hilts,476
hinds,494
hinge,589
hints,553
hired,480
hires,228
hitch,1194
hives,377
hoard,495
hoary,561
hobby,1492
hoist,457
holds,396
holes,224
holly,1174
homes,303
honey,455
hoods,664
hoofs,843
hooks,874
hoops,823
hoots,718
hoped,558
hopes,308
horde,476
horns,384
horny,787
horse,310
hosts,718
hotel,342
hotly,815
hound,912
hours,427
house,364
hovel,516
hover,542
howls,569
hulks,688
hulls,751
human,800
humid,1034
humps,835
humus,967
hunch,1421
hunts,618
hurls,362
hurry,1261
hurts,479
husks,1019
husky,837
hussy,923
hydra,674
hyena,521
hymns,708
icily,1149
icing,1294
ideal,318
ideas,194
idiom,1041
idiot,859
idled,630
idler,360
idols,324
idyll,1115
igloo,926
image,433
imbue,621
impel,528
imply,1036
inane,426
incur,711
index,703
inept,524
inert,365
infer,460
ingot,766
inlet,346
inner,517
inter,354
inure,404
irate,259
irked,516
irons,304
irony,637
isles,329
islet,280
issue,409
items,381
ivory,788
jacks,703
jaded,752
jails,404
jaunt,776
jeans,320
jeers,478
jelly,899
jerks,435
jerky,754
jests,524
jetty,883
jewel,965
jiffy,1778
joins,561
joint,872
joked,728
joker,597
jokes,405
jolly,1398
joust,664
joyed,707
judge,898
juice,674
juicy,1268
jumps,995
junks,911
junta,776
juror,1213
karma,955
keels,471
keeps,602
ketch,661
keyed,965
khaki,919
kicks,829
kills,720
kinda,686
kinds,564
kings,681
kiosk,648
kites,307
knack,1123
knave,573
knead,486
kneel,670
knees,494
knell,713
knelt,524
knife,641
knits,572
knobs,704
knock,1340
knoll,1078
knots,562
known,1469
knows,749
label,557
laced,408
laces,199
lacks,510
laden,368
ladle,527
lager,329
lairs,200
laity,536
lakes,248
lambs,515
lamed,450
lames,230
lamps,504
lance,372
lands,314
lanes,178
lanky,810
lapel,527
lapse,259
larch,565
large,329
largo,443
larks,339
larva,790
lasso,405
lasts,460
latch,683
later,240
lathe,358
laths,388
laugh,780
lawns,426
layer,312
leads,210
leafy,503
leaks,300
leaky,516
leans,238
leaps,267
leapt,346
learn,251
lease,317
leash,275
least,233
leave,620
ledge,774
leech,714
leeks,471
legal,537
lemme,934
lemon,491
lends,255
leper,560
levee,1077
level,1077
lever,653
liars,200
libel,654
licks,565
liege,656
liens,316
lifts,511
light,838
liked,539
liken,476
liker,368
likes,298
lilac,751
limbo,811
limbs,580
limes,269
limit,986
lined,457
linen,545
liner,280
lines,219
lingo,732
links,538
lions,371
lists,562
lithe,419
lived,623
liver,427
lives,322
livid,1202
llama,1210
loads,282
loamy,665
loans,284
loath,485
lobby,1268
lobes,260
local,710
locks,548
locus,473
lodge,473
lofty,872
loges,238
logic,726
login,732
loins,371
longs,479
looks,711
looms,676
loons,564
loops,670
loose,342
lords,269
loser,211
loses,295
lotus,428
louse,314
lousy,578
loved,560
lover,413
loves,286
lowed,507
lower,369
lowly,1269
loyal,756
lucid,794
lucky,1219
lulls,929
lumps,694
lumpy,1199
lunar,417
lunch,939
lunge,570
lungs,588
lurch,746
lured,417
lures,203
lurid,544
lurks,438
lusts,650
lusty,574
lutes,257
lying,976
lymph,1188
lynch,983
lyric,641
maces,244
madam,1307
madly,827
magic,764
maids,356
mails,356
mains,382
maize,465
major,683
maker,451
makes,310
males,230
mamma,1664
manes,235
manga,1125
mange,499
mango,709
mangy,985
mania,845
manly,763
manna,1264
manor,495
manse,293
maple,451
march,749
mares,218
marks,448
marry,942
marsh,473
marts,336
masks,770
mason,381
masts,598
match,860
mated,427
mates,231
mauve,525
maxim,1055
maybe,566
mayor,601
mazes,342
meals,282
mealy,484
means,295
meant,410
meats,288
medal,450
media,389
meets,440
melon,491
melts,328
memes,650
mends,347
menus,411
mercy,567
meres,403
merge,785
merit,413
merry,755
mesas,382
metal,384
meted,758
meter,617
mewed,1036
midst,523
miens,398
might,1050
milch,965
miles,269
milky,1087
mills,678
mimes,407
mimic,1604
mince,535
minds,531
mined,588
miner,425
mines,284
minor,627
mints,542
minus,595
mirth,746
miser,327
mists,722
mites,285
mixed,779
mixes,404
moans,381
moats,371
mocks,723
model,482
modem,746
modes,313
moist,455
molar,440
moles,249
momma,1056
money,488
monks,691
month,912
moods,720
moody,1381
moons,750
moors,590
moose,428
moped,625
moral,440
mores,249
mossy,846
motes,259
moths,622
motif,855
motor,903
motto,1421
mound,961
mount,871
mourn,765
mouse,379
mouth,996
moved,725
mover,578
moves,371
movie,569
mowed,673
mower,537
mucus,912
muddy,1592
mules,335
multi,795
mummy,2011
mumps,1011
munch,1205
mural,538
murky,1133
mused,468
muses,500
music,628
musky,882
musty,704
muted,595
mutes,342
myrrh,1293
myths,729
nabob,831
nails,307
naive,419
naked,486
named,482
names,235
nasal,484
nasty,471
natal,677
natty,890
naval,956
navel,430
naves,274
nears,178
necks,418
needs,425
needy,827
neigh,588
nerve,742
nests,413
never,742
newer,707
newly,625
nicer,393
niche,556
niece,637
night,972
ninny,1564
noble,494
nobly,938
noise,284
noisy,512
nomad,614
nonce,647
nooks,809
noose,370
north,648
nosed,346
noses,325
notch,884
noted,427
notes,231
nouns,706
novel,460
nudge,700
nurse,305
nymph,1267
oaken,303
oakum,679
oases,221
oasis,280
oaten,240
oaths,356
obese,444
obeys,464
occur,1007
ocean,364
ochre,464
odder,614
oddly,1091
odium,791
offal,767
offer,627
often,457
oiled,335
olden,388
older,353
omens,413
omits,455
onion,1215
onset,270
oozed,866
oozes,457
opals,344
opens,399
opera,290
opine,496
opium,837
optic,725
orbit,618
order,614
organ,531
osier,246
other,397
otter,490
ought,982
ounce,584
outdo,1016
outer,353
ovals,379
ovary,655
ovens,422
overt,475
owing,995
owned,587
owner,451
oxide,515
ozone,747
paces,256
packs,620
paddy,1103
padre,438
paean,556
pagan,1073
pages,279
pails,355
pains,373
paint,578
pairs,282
paled,431
paler,327
pales,232
palms,504
palmy,896
palsy,486
panel,351
panes,241
pangs,506
panic,658
pansy,496
pants,413
papal,1167
papas,823
paper,531
pared,438
parka,948
parks,461
parry,931
parse,281
parts,349
party,636
pasha,670
paste,264
pasty,490
patch,825
pates,238
paths,510
patio,383
pause,294
paved,622
pawed,566
pawns,526
payed,524
payer,424
peace,607
peach,488
peaks,343
peals,267
pearl,327
pears,227
pease,371
pecks,465
pedal,431
peeps,665
peers,418
pelts,314
penal,364
pence,762
penis,350
penny,802
peons,358
perch,596
peril,358
pesky,514
pesos,452
pests,463
petal,346
petty,744
phase,313
phial,614
phone,564
photo,1176
piano,404
picks,716
piece,710
piers,276
piety,595
pigmy,1266
pikes,376
piled,518
piles,283
pills,684
pilot,605
pinch,1034
pined,570
pines,290
pinks,675
pinto,714
pints,538
pious,459
piped,764
piper,595
pipes,421
pique,685
pitch,989
pithy,1032
pivot,843
place,421
plaid,566
plain,562
plait,518
plane,360
plank,740
plans,395
plant,527
plate,335
plays,486
plaza,1151
plead,431
pleas,304
plied,518
plies,283
plots,452
pluck,1181
plugs,675
plumb,1173
plume,601
plums,694
plush,646
podia,580
poems,445
poesy,460
poets,381
point,714
poise,290
poked,592
poker,490
pokes,350
polar,428
poles,254
polka,642
polls,670
ponds,505
pools,670
popes,398
poppa,1017
poppy,1690
porch,896
pored,501
pores,256
ports,412
posed,361
poser,290
poses,398
posse,399
posts,710
pouch,1115
pound,919
pours,470
power,531
prank,676
prate,359
prays,406
press,418
preys,354
price,459
prick,910
pride,504
pried,504
pries,249
prime,515
print,631
prior,807
prism,518
privy,993
prize,592
probe,517
prone,397
proof,1123
props,595
prose,303
prosy,566
proud,790
prove,569
prowl,713
prows,544
proxy,1084
prude,595
prune,477
psalm,504
pshaw,605
pudgy,1333
puffs,1016
puffy,1747
pulls,804
pulpy,1407
pulse,337
pumps,1011
punch,1175
pupil,1105
puppy,1955
puree,699
purer,699
purge,591
purse,358
pussy,965
putty,1400
quack,1130
quaff,1306
quail,628
quake,612
qualm,939
quart,682
quasi,404
quays,590
queen,915
queer,827
quell,852
query,691
quest,506
queue,1234
quick,1365
quiet,562
quill,1311
quilt,936
quips,770
quire,522
quite,591
quits,671
quota,709
quote,613
quoth,1149
rabbi,678
rabid,512
raced,409
racer,494
races,193
racks,416
radii,599
radio,300
rafts,350
raged,445
rages,206
raids,240
rails,200
rains,237
rainy,497
raise,211
rajah,1026
raked,443
rakes,239
rally,724
ranch,632
range,396
ranks,366
rapid,492
rarer,627
rares,261
rated,349
rates,175
ratio,290
raved,520
raven,442
raves,252
rayon,503
razed,528
razor,801
reach,396
react,326
reads,203
ready,429
realm,325
reals,157
reams,218
reaps,227
rears,261
rebel,591
rebus,307
rebut,503
recur,649
reeds,389
reedy,770
reefs,425
reeks,442
reels,289
reeve,1053
refer,971
refit,454
regal,329
reign,461
reins,204
relax,389
relay,312
relic,338
remit,413
rends,253
renew,707
rents,210
repay,424
repel,560
reply,454
reset,390
resin,283
rests,323
revel,653
revue,798
rheum,570
rhyme,597
ricks,472
rider,612
rides,236
ridge,527
rifle,397
rifts,435
right,774
rigid,1031
riled,360
rills,393
rimes,238
rings,396
rinse,287
riots,301
ripen,419
riper,595
risen,283
riser,378
rises,291
risks,593
risky,589
rites,205
rival,491
riven,508
river,701
rivet,498
roads,251
roams,310
roars,358
roast,291
robed,549
robes,266
robin,658
rocks,496
rocky,963
rogue,494
roles,169
rolls,405
roman,495
roofs,612
rooks,632
rooms,590
roomy,1132
roost,531
roots,485
roped,501
ropes,256
roses,303
rosin,385
rouge,494
rough,884
round,697
rouse,293
route,380
routs,383
roved,599
rover,689
rowdy,950
rowed,556
royal,446
ruder,715
ruffs,711
ruins,356
ruled,417
ruler,495
rules,203
runes,230
rungs,477
rupee,699
rural,635
ruses,352
sable,243
sabre,224
sacks,714
sadly,393
safer,224
sagas,801
sages,327
sahib,392
sails,414
saint,322
saith,364
salad,469
sales,272
sally,567
salon,284
salsa,677
salts,460
salty,373
salve,263
salvo,379
sands,481
sandy,425
saner,179
sated,200
satin,322
satyr,317
sauce,285
saucy,461
saved,306
saves,390
sawed,288
scald,351
scale,230
scalp,454
scaly,431
scamp,571
scans,548
scant,376
scare,194
scarf,378
scars,435
scene,396
scent,381
scion,439
scoff,782
scold,408
scoop,768
scope,335
score,231
scorn,375
scour,418
scout,514
scowl,526
scrap,379
screw,323
scrip,440
scrub,521
scull,715
seals,315
seams,382
seamy,359
seats,319
sects,434
sedan,234
sedge,505
seeds,611
seedy,472
seeks,694
seems,650
seers,485
seize,480
sells,516
semen,446
sends,425
sense,539
serfs,425
serge,395
serum,296
serve,460
seven,510
sever,460
sewed,562
sewer,451
sexes,755
shack,610
shade,245
shady,462
shaft,510
shake,312
shaky,582
shale,241
shall,533
shalt,388
shame,295
shams,678
shank,525
shape,292
share,199
shark,416
sharp,393
shave,290
shawl,477
sheaf,373
shear,228
sheds,471
sheen,418
sheep,532
sheer,382
sheet,448
sheik,459
shelf,434
shell,478
shied,303
shift,660
shine,309
shins,721
shiny,575
ships,825
shire,235
shirk,485
shirt,404
shoal,311
shock,735
shoes,357
shone,316
shook,874
shoon,720
shoot,718
shops,823
shore,241
shorn,384
short,406
shots,718
shout,577
shove,369
shown,675
shows,895
showy,735
shred,294
shrew,357
shrub,548
shrug,538
shuns,819
shuts,861
shyly,772
sibyl,563
sided,396
sides,396
siege,416
sieve,476
sighs,802
sight,606
sigma,434
signs,749
silks,720
silky,587
sills,788
silly,649
since,289
sinew,314
singe,328
sings,749
sinks,799
siren,216
sires,291
sites,353
sixes,483
sixth,722
sixty,658
sized,389
sizes,480
skate,254
skein,424
skies,437
skiff,933
skill,720
skims,886
skins,799
skips,890
skirt,418
skulk,855
skull,855
skunk,922
slabs,598
slack,510
slags,571
slain,307
slake,259
slang,409
slant,308
slaps,579
slash,533
slate,189
slats,460
slave,263
slays,567
sleds,401
sleek,471
sleep,446
sleet,336
slept,347
slice,258
slick,565
slide,259
slily,649
slime,278
slimy,561
sling,501
slink,538
slips,684
slits,562
sloop,670
slope,284
slops,670
sloth,444
slugs,791
slump,694
slums,808
slung,588
slunk,615
slush,751
slyly,958
smack,621
small,589
smart,336
smash,678
smear,231
smell,479
smelt,358
smile,278
smirk,492
smite,285
smith,626
smock,723
smoke,384
smoky,763
smote,305
snack,531
snags,604
snail,307
snake,266
snaky,534
snaps,595
snare,179
snarl,230
sneak,343
sneer,324
sniff,778
snipe,309
snobs,758
snore,213
snort,332
snout,494
snows,805
snowy,655
snuff,880
soapy,425
soars,358
sober,266
socks,836
sofas,511
soggy,802
soils,478
solar,215
soles,295
solid,342
solos,774
solve,300
songs,755
sonny,718
sooth,718
sooty,671
sores,303
sorry,567
sorts,485
sough,642
souls,631
sound,482
soups,798
souse,417
south,577
sowed,346
sower,286
space,278
spade,270
spake,316
spank,553
spans,595
spare,227
spark,461
spars,499
spasm,732
spawn,526
speak,392
spear,236
speck,514
speed,525
spell,472
spelt,347
spend,356
spent,383
sperm,351
spice,324
spicy,619
spied,338
spies,421
spike,376
spill,684
spilt,483
spine,309
spins,739
spiny,600
spire,249
spite,303
spits,727
split,483
spoil,410
spoke,367
spook,899
spool,670
spoon,740
spoor,595
spore,256
sport,412
spots,710
spout,574
spray,406
spree,418
sprig,474
spunk,783
spurn,463
spurs,684
spurt,488
squad,502
squat,515
squaw,614
stabs,588
stack,496
staff,599
stage,252
stags,567
staid,287
stain,322
stair,237
stake,254
stale,189
stalk,425
stall,460
stamp,522
stand,325
stank,450
stare,175
stark,360
stars,395
start,395
state,273
stave,263
stays,549
stead,225
steak,345
steal,261
steam,322
steed,407
steel,336
steep,463
steer,323
stems,514
steps,500
stern,234
stews,520
stick,599
stiff,765
stile,224
still,562
sting,534
stink,572
stint,638
stirs,475
stock,583
stoic,406
stole,222
stone,260
stony,492
stood,576
stool,528
stoop,710
stops,710
store,202
stork,431
storm,405
story,384
stout,670
stove,304
strap,349
straw,346
stray,317
strew,299
strip,408
strut,559
stuck,702
studs,679
study,547
stuff,880
stump,734
stung,620
stunt,712
style,248
suave,291
sucks,985
sugar,352
suing,605
suite,294
suits,671
sulks,855
sulky,712
sully,781
sunny,825
super,303
surer,352
surge,286
surly,396
swain,384
swamp,639
swans,625
sward,357
swarm,430
sways,694
swear,240
sweat,319
sweep,601
sweet,481
swell,485
swept,442
swift,672
swill,701
swims,866
swine,314
swing,666
swirl,359
swish,850
swoon,805
swoop,907
sword,455
swore,286
sworn,449
swung,779
synod,506
syrup,560
tabby,1053
table,360
taboo,768
tacit,730
tacks,496
tails,291
taint,711
taken,371
takes,241
tales,168
talks,425
tally,838
talon,402
tamed,427
tamer,362
tanks,450
taper,359
tapes,238
tardy,560
tares,175
tarry,760
tarts,395
tasks,625
taste,330
tasty,604
taunt,788
tawny,790
taxed,500
taxes,271
teach,446
teams,288
tears,175
tease,322
teems,440
teens,364
teeth,942
tells,373
tempi,537
tempo,511
temps,395
tends,275
tenet,801
tenor,334
tense,385
tenth,670
tents,413
tepee,931
tepid,511
terms,258
terse,384
tests,532
testy,493
texts,525
thank,780
theft,838
their,416
theme,789
there,623
these,456
thick,1070
thief,572
thigh,1245
thine,476
thing,972
think,987
third,670
thong,931
thorn,648
those,302
three,623
threw,558
throb,797
throe,397
throw,827
thumb,1243
thump,1196
thyme,627
tiara,565
tibia,783
ticks,599
tidal,451
tides,274
tiers,239
tiger,432
tight,1245
tilde,402
tiled,402
tiles,224
tills,562
tilts,562
timed,522
times,285
timid,1106
tinge,502
tints,638
tipsy,575
tired,423
tires,205
tithe,646
title,508
toads,288
toast,421
today,554
toddy,1098
toils,332
token,425
tolls,528
tombs,618
tomes,259
toned,427
tones,231
tongs,525
tonic,703
tools,528
tooth,1416
topaz,707
topic,725
toque,613
torch,758
torso,531
torts,485
total,579
totem,591
touch,960
tough,982
tours,383
towed,537
towel,389
tower,445
towns,571
toxic,876
toyed,469
trace,326
track,636
tract,720
trade,349
trail,343
train,420
trait,565
tramp,641
trams,336
traps,349
trash,395
trays,325
tread,349
treat,431
treed,618
trees,323
trend,422
tress,329
triad,413
trial,343
tribe,434
trice,383
trick,753
tried,423
tries,205
trill,636
tripe,409
trips,408
trite,506
troll,623
troop,881
troth,905
trots,485
trout,863
truce,432
truck,881
truer,570
truly,632
trump,864
trunk,750
truss,559
trust,612
truth,1055
tryst,662
tubes,351
tufts,880
tulip,776
tulle,561
tuned,501
tunes,272
tunic,836
turns,367
tusks,882
tutor,863
twain,631
twang,813
tweed,813
twice,503
twigs,615
twine,510
twins,565
twirl,560
twist,744
tying,979
typed,601
types,330
udder,715
ulcer,384
ultra,414
uncle,515
uncut,1159
under,498
undid,1140
undue,776
unfit,957
union,930
unite,484
units,503
unity,901
unsay,516
untie,484
until,701
upper,699
upset,358
urban,627
urged,612
urges,286
urine,404
usage,313
users,381
usher,392
using,698
usual,561
usurp,757
usury,851
utter,570
vague,562
vales,263
valet,394
valid,650
value,454
valve,620
vanes,274
vapid,747
vases,390
vault,682
vaunt,713
veils,324
veins,362
veldt,555
venal,430
venom,619
vents,361
venue,880
verbs,396
verge,901
verse,538
verve,1053
vests,503
vexed,1298
vexes,721
vials,382
vicar,614
vices,354
video,511
views,428
vigil,1370
viler,427
villa,857
vines,338
viola,582
viper,584
virus,461
visit,770
visor,478
vista,427
vital,595
vivid,1713
vixen,807
vizor,916
vocal,668
vodka,788
vogue,705
voice,554
voile,476
volts,481
vomit,880
voted,574
voter,475
votes,296
vouch,1228
vowed,772
vowel,598
vying,1308
waded,687
wafer,500
wafts,520
waged,586
wager,479
wages,291
wagon,761
waifs,440
wails,363
waist,375
waits,363
waive,478
waked,579
waken,528
wakes,324
walks,562
walls,602
waltz,833
wands,437
waned,522
wanes,259
wants,436
wards,356
wares,240
warms,430
warns,350
warts,346
wasps,726
waste,288
watch,884
water,381
waved,673
waver,556
waves,348
waxed,682
waxen,609
waxes,357
wears,240
weary,449
weave,791
wedge,1048
weeds,562
weedy,1009
weeks,631
weeps,601
weigh,680
weird,556
welch,623
wells,466
wench,686
whack,1123
whale,453
wharf,848
wheat,510
wheel,778
whelp,668
where,801
which,1449
whiff,1582
while,523
whims,726
whine,600
whips,730
whirl,691
whirr,1126
whisk,771
whist,648
white,558
whole,545
whoop,1486
whore,514
whose,375
wicks,730
widen,650
wider,556
widow,1114
width,986
wield,566
wight,1098
wilds,492
wiles,293
wills,701
wince,571
winch,1137
winds,566
windy,1139
wines,314
wings,666
winks,718
wiped,686
wipes,373
wired,556
wires,269
wiser,336
wisps,868
witch,1046
witty,1271
wives,425
woman,728
women,564
woods,770
woody,1444
wooed,793
wooer,645
words,455
wordy,950
works,583
world,636
worms,537
worry,1195
worse,326
worst,473
worth,827
would,884
wound,1016
wrack,849
wraps,442
wrapt,658
wrath,676
wreak,481
wreck,690
wrest,329
wring,918
wrist,467
write,448
writs,419
wrong,920
wrote,445
wroth,827
yacht,848
yards,359
yarns,335
yawns,507
yearn,352
years,227
yeast,297
yells,468
yelps,405
yield,514
yoked,592
yokes,336
yolks,589
young,1142
yours,448
youth,999
zebra,549
zones,319
