eaves,5
fades,5
gapes,5
gazes,5
wages,5
waxes,5
moped,5
mowed,5
hoped,5
oozed,5
fifes,5
fixes,5
sixes,5
sizes,5
foxes,5
shoes,5
jokes,5
yokes,5
gauge,4
gauze,4
maize,4
waive,4
naked,4
dazed,4
named,4
paved,4
waned,4
waved,4
waxed,4
dated,4
fated,4
dandy,4
canny,4
fancy,4
fauna,4
manna,4
hatch,4
watch,4
tabby,4
jaunt,4
taunt,4
cased,4
eased,4
saved,4
sawed,4
taste,4
waste,4
jacks,4
masks,4
sagas,4
bands,4
fangs,4
gangs,4
sands,4
wands,4
baths,4
oaths,4
masts,4
babes,4
pages,4
bases,4
eases,4
vases,4
dames,4
games,4
makes,4
mazes,4
sages,4
saves,4
wakes,4
waves,4
cakes,4
caves,4
fates,4
gates,4
pates,4
takes,4
tapes,4
taxes,4
arena,4
argue,4
azure,4
opera,4
freak,4
wreak,4
caper,4
paper,4
wafer,4
waver,4
dared,4
fared,4
pared,4
alloy,4
gales,4
sales,4
vales,4
barbs,4
harps,4
parks,4
warns,4
yarns,4
tarts,4
warts,4
brace,4
grace,4
crave,4
craze,4
brake,4
grave,4
graze,4
galls,4
walls,4
nails,4
wails,4
pears,4
wears,4
dents,4
tends,4
nests,4
tents,4
vents,4
jests,4
vests,4
tests,4
texts,4
deeds,4
deems,4
feeds,4
heeds,4
cells,4
fells,4
ferry,4
merry,4
bided,4
fixed,4
piped,4
wiped,4
ebbed,4
edged,4
egged,4
boded,4
boxed,4
cooed,4
covey,4
cowed,4
domed,4
modem,4
moved,4
dozed,4
joyed,4
vowed,4
wooed,4
judge,4
piece,4
imbue,4
pique,4
juice,4
queue,4
fined,4
pined,4
ennui,4
fiend,4
niece,4
wince,4
nudge,4
undue,4
ounce,4
enjoy,4
envoy,4
ozone,4
phone,4
bides,4
sides,4
dikes,4
dives,4
bites,4
cites,4
kites,4
sites,4
gibes,4
fives,4
gives,4
hives,4
wives,4
pikes,4
pipes,4
bodes,4
codes,4
doses,4
doves,4
dukes,4
dykes,4
boxes,4
hopes,4
pokes,4
popes,4
poses,4
fines,4
pines,4
wight,4
hitch,4
witch,4
foggy,4
poppy,4
goody,4
moody,4
bound,4
found,4
wound,4
buggy,4
fuzzy,4
gummy,4
mummy,4
novel,4
vowel,4
fluke,4
flume,4
lunge,4
plume,4
filed,4
piled,4
liked,4
lived,4
bills,4
gills,4
kills,4
dolls,4
polls,4
lulls,4
pulls,4
coyly,4
lowly,4
folly,4
jolly,4
binds,4
finds,4
hinds,4
finis,4
sings,4
kings,4
pinks,4
sinks,4
cocks,4
cooks,4
socks,4
foods,4
goods,4
woods,4
hoofs,4
hooks,4
hoops,4
ducks,4
sucks,4
puffs,4
quips,4
dumps,4
pumps,4
humps,4
humus,4
gusts,4
tusks,4
quits,4
suits,4
kicks,4
wicks,4
ships,4
whips,4
skips,4
wisps,4
bring,4
briny,4
grind,4
wring,4
brook,4
broom,4
proof,4
proxy,4
froth,4
troth,4
frown,4
grown,4
groin,4
minor,4
boors,4
moors,4
forks,4
forms,4
works,4
worms,4
drops,4
dross,4
gross,4
grows,4
props,4
prows,4
ports,4
torts,4
fussy,4
hussy,4
husky,4
musky,4
holes,4
soles,4
files,4
wiles,4
loges,4
loses,4
floss,4
gloss,4
flows,4
glows,4
gulfs,4
lumps,4
hulks,4
sulks,4
gilds,4
wilds,4
links,4
silks,4
folds,4
holds,4
folks,4
solos,4
bower,4
mower,4
power,4
boxer,4
foyer,4
mover,4
comer,4
cover,4
joker,4
poker,4
breed,4
creed,4
erred,4
dried,4
pried,4
hired,4
wired,4
bribe,4
grime,4
every,4
query,4
furze,4
where,4
prime,4
prize,4
brief,4
brier,4
creek,4
creep,4
fixer,4
piper,4
viper,4
freer,4
queer,4
upper,4
puree,4
purer,4
froze,4
grope,4
grove,4
prove,4
ochre,4
whore,4
crept,4
erect,4
exert,4
their,4
trice,4
tripe,4
trite,4
write,4
raged,4
razed,4
quack,3
quaff,3
twain,3
giant,3
piano,3
guano,3
twang,3
snake,3
suave,3
usage,3
shake,3
shame,3
shave,3
phase,3
shape,3
skate,3
state,3
space,3
spake,3
stage,3
stake,3
stave,3
agate,3
awake,3
quake,3
enact,3
exact,3
annex,3
adobe,3
ahead,3
amend,3
knead,3
awoke,3
hyena,3
added,3
aided,3
adieu,3
aimed,3
wheat,3
baize,3
mange,3
mauve,3
maybe,3
naive,3
paean,3
vague,3
gazed,3
payed,3
waged,3
bated,3
hated,3
tamed,3
taxed,3
cache,3
canoe,3
caked,3
caved,3
eaten,3
oaten,3
taken,3
faded,3
jaded,3
waded,3
haven,3
oaken,3
waken,3
waxen,3
adopt,3
audit,3
habit,3
tacit,3
affix,3
maxim,3
vapid,3
aging,3
aping,3
gamin,3
among,3
gonna,3
mango,3
attic,3
dicta,3
faith,3
tibia,3
audio,3
podia,3
canon,3
nabob,3
handy,3
human,3
nomad,3
woman,3
catch,3
patch,3
bayou,3
cocoa,3
havoc,3
daddy,3
happy,3
madam,3
mamma,3
paddy,3
cabin,3
china,3
divan,3
kinda,3
mania,3
panic,3
cacao,3
comma,3
momma,3
oakum,3
poppa,3
vodka,3
daunt,3
vaunt,3
ducat,3
yacht,3
faint,3
taint,3
gamma,3
gaudy,3
gauzy,3
junta,3
natty,3
tawny,3
manga,3
mangy,3
quota,3
today,3
topaz,3
amour,3
augur,3
acrid,3
baron,3
circa,3
karma,3
march,3
parka,3
briar,3
broad,3
croak,3
friar,3
groan,3
organ,3
triad,3
urban,3
cairn,3
cobra,3
fakir,3
major,3
manor,3
carry,3
harry,3
marry,3
parry,3
tarry,3
cigar,3
vicar,3
dairy,3
fairy,3
hairy,3
hardy,3
harpy,3
party,3
tardy,3
hydra,3
mayor,3
alder,3
lager,3
large,3
layer,3
paler,3
amuse,3
ashen,3
aside,3
asked,3
based,3
baste,3
haste,3
cause,3
essay,3
sauce,3
sheaf,3
sneak,3
steak,3
steam,3
sofas,3
acids,3
amiss,3
atoms,3
autos,3
casks,3
daubs,3
hacks,3
sacks,3
baits,3
waits,3
bangs,3
hands,3
hangs,3
banns,3
fauns,3
fawns,3
yawns,3
basis,3
oasis,3
facts,3
tacks,3
tasks,3
wafts,3
wasps,3
gains,3
mains,3
maids,3
waifs,3
packs,3
papas,3
tanks,3
wants,3
aides,3
ashes,3
ideas,3
beget,3
gases,3
cages,3
capes,3
cases,3
dates,3
mates,3
expel,3
faces,3
maces,3
paces,3
manes,3
panes,3
vanes,3
wanes,3
names,3
naves,3
areas,3
avers,3
fares,3
mares,3
tares,3
wares,3
break,3
creak,3
anger,3
great,3
treat,3
baker,3
gayer,3
gazer,3
payer,3
wager,3
bared,3
cared,3
barge,3
carve,3
farce,3
bread,3
dread,3
cadre,3
padre,3
cater,3
eater,3
hater,3
water,3
aptly,3
atoll,3
dally,3
fault,3
vault,3
gaily,3
villa,3
viola,3
apple,3
angle,3
eagle,3
ladle,3
maple,3
fable,3
gable,3
table,3
allow,3
aloof,3
alibi,3
allay,3
tidal,3
vital,3
aloft,3
aloud,3
float,3
gloat,3
loyal,3
offal,3
total,3
appal,3
annul,3
fatal,3
laity,3
laugh,3
valid,3
waltz,3
lanky,3
natal,3
cabal,3
calyx,3
cavil,3
ducal,3
lilac,3
focal,3
local,3
vocal,3
ailed,3
alike,3
alley,3
alien,3
alone,3
babel,3
camel,3
hazel,3
label,3
lapel,3
bleak,3
bleat,3
gleam,3
plead,3
clean,3
glean,3
equal,3
ideal,3
haled,3
laced,3
lamed,3
lathe,3
paled,3
halve,3
valet,3
value,3
valve,3
laden,3
lance,3
crawl,3
drawl,3
flair,3
frail,3
lambs,3
lamps,3
palms,3
lands,3
lawns,3
walks,3
lasts,3
salts,3
talks,3
aloes,3
fleas,3
pleas,3
dales,3
pales,3
tales,3
laces,3
lakes,3
lanes,3
altar,3
lunar,3
molar,3
polar,3
quays,3
sways,3
boats,3
coats,3
moats,3
chaps,3
shams,3
gnaws,3
snags,3
scans,3
spans,3
swans,3
stabs,3
stays,3
assay,3
squad,3
squaw,3
sahib,3
saucy,3
hasty,3
tasty,3
mason,3
sandy,3
graft,3
grant,3
quart,3
tramp,3
wrapt,3
board,3
brand,3
fraud,3
grand,3
guard,3
brain,3
grain,3
bravo,3
brawn,3
frank,3
gravy,3
ovary,3
prank,3
charm,3
chary,3
crack,3
wrack,3
cramp,3
crank,3
crazy,3
franc,3
drama,3
drawn,3
hoary,3
wharf,3
track,3
tract,3
train,3
trait,3
arise,3
arose,3
aster,3
baser,3
safer,3
saner,3
smear,3
swear,3
arson,3
straw,3
harsh,3
marsh,3
scrap,3
strap,3
barns,3
bards,3
cards,3
wards,3
yards,3
carts,3
harts,3
parts,3
fairs,3
hairs,3
pairs,3
farms,3
harms,3
marks,3
warms,3
avail,3
quail,3
bland,3
gland,3
plant,3
blank,3
flank,3
plank,3
flail,3
plaid,3
plait,3
llama,3
plaza,3
loamy,3
loath,3
crane,3
crape,3
frame,3
grape,3
crate,3
trace,3
drake,3
drape,3
grade,3
grate,3
irate,3
prate,3
balls,3
calls,3
halls,3
hauls,3
jails,3
mails,3
pails,3
basil,3
salad,3
beach,3
peach,3
death,3
heath,3
heady,3
heavy,3
beads,3
beaks,3
peaks,3
beams,3
seams,3
beans,3
deans,3
jeans,3
feats,3
seats,3
heads,3
heaps,3
fears,3
gears,3
hears,3
tears,3
cease,3
pease,3
feast,3
yeast,3
beech,3
bench,3
wench,3
feint,3
tempi,3
tempo,3
tenet,3
tepee,3
being,3
feign,3
genie,3
genii,3
begun,3
penny,3
venom,3
venue,3
debit,3
debut,3
fence,3
pence,3
fetch,3
ketch,3
feted,3
meted,3
hedge,3
hewed,3
jetty,3
petty,3
keyed,3
mewed,3
needy,3
vexed,3
wedge,3
weedy,3
neigh,3
weigh,3
teeth,3
tenth,3
beets,3
meets,3
teems,3
bends,3
genus,3
mends,3
menus,3
necks,3
cents,3
gents,3
debts,3
fetus,3
decks,3
desks,3
feuds,3
memes,3
vexes,3
weeds,3
weeks,3
deeps,3
keeps,3
peeps,3
weeps,3
pecks,3
pesos,3
pests,3
temps,3
seeds,3
seeks,3
seems,3
belie,3
helix,3
welch,3
jewel,3
delve,3
veldt,3
felon,3
melon,3
leech,3
lemme,3
levee,3
level,3
bells,3
dells,3
wells,3
feels,3
heels,3
keels,3
veils,3
belts,3
melts,3
helms,3
leeks,3
helps,3
yelps,3
ferns,3
germs,3
jerks,3
meres,3
serfs,3
herds,3
heros,3
jeers,3
peers,3
seers,3
berry,3
jerky,3
mercy,3
fewer,3
meter,3
perch,3
verve,3
decry,3
derby,3
defer,3
demur,3
deter,3
eerie,3
merit,3
heron,3
nerve,3
never,3
newer,3
merge,3
verge,3
beset,3
besom,3
geese,3
seize,3
pesky,3
testy,3
sedge,3
sewed,3
semen,3
seven,3
sense,3
tense,3
bible,3
title,3
cycle,3
noble,3
whole,3
dwell,3
dwelt,3
exile,3
voile,3
while,3
field,3
wield,3
yield,3
knell,3
knelt,3
whelp,3
dived,3
chief,3
diced,3
duped,3
fumed,3
mixed,3
endow,3
boned,3
honey,3
money,3
booze,3
coupe,3
dodge,3
gouge,3
movie,3
vogue,3
voice,3
edify,3
equip,3
fugue,3
gimme,3
edict,3
eight,3
eject,3
ethic,3
piety,3
quite,3
white,3
choke,3
muted,3
quiet,3
comet,3
covet,3
doted,3
voted,3
cozen,3
dozen,3
women,3
dined,3
ended,3
index,3
dunce,3
enemy,3
eying,3
hinge,3
mince,3
niche,3
whine,3
ebony,3
gnome,3
opine,3
event,3
inept,3
unite,3
untie,3
given,3
queen,3
vixen,3
widen,3
joked,3
poked,3
yoked,3
theft,3
theme,3
thyme,3
tithe,3
twice,3
thief,3
timed,3
tweed,3
typed,3
thine,3
tinge,3
twine,3
totem,3
towed,3
toyed,3
dices,3
hides,3
tides,3
vices,3
wipes,3
dotes,3
dupes,3
edges,3
bones,3
cones,3
tones,3
tunes,3
zones,3
cotes,3
coves,3
cubes,3
fuses,3
husks,3
oozes,3
tubes,3
types,3
votes,3
chefs,3
guess,3
obeys,3
poets,3
steps,3
stews,3
comes,3
fumes,3
homes,3
tomes,3
duets,3
sheds,3
emits,3
items,3
epics,3
exits,3
fiefs,3
views,3
vines,3
wines,3
knees,3
noses,3
notes,3
mimes,3
mites,3
mixes,3
motes,3
moves,3
muses,3
mutes,3
opens,3
ovens,3
poems,3
stems,3
skies,3
spies,3
digit,3
tight,3
bigot,3
idiot,3
pitch,3
thick,3
boggy,3
booby,3
hobby,3
woody,3
bonny,3
doing,3
downy,3
going,3
booth,3
booty,3
motto,3
toddy,3
tooth,3
bough,3
hound,3
mound,3
pound,3
young,3
dumpy,3
humid,3
muddy,3
pudgy,3
puffy,3
puppy,3
bunch,3
hunch,3
munch,3
punch,3
buxom,3
odium,3
opium,3
civic,3
chuck,3
chump,3
cinch,3
cynic,3
conch,3
conic,3
couch,3
nymph,3
windy,3
ditto,3
photo,3
ditty,3
fifth,3
fifty,3
pithy,3
thigh,3
timid,3
width,3
witty,3
dizzy,3
giddy,3
jiffy,3
pigmy,3
vivid,3
whiff,3
duchy,3
juicy,3
quick,3
dying,3
finny,3
ninny,3
vying,3
pinch,3
winch,3
fount,3
fungi,3
undid,3
gouty,3
mouth,3
tough,3
youth,3
idiom,3
whoop,3
widow,3
joint,3
known,3
onion,3
mimic,3
which,3
notch,3
tonic,3
outdo,3
quoth,3
pouch,3
vouch,3
thing,3
think,3
tying,3
thump,3
topic,3
toxic,3
bilge,3
liege,3
lithe,3
bleed,3
blend,3
glued,3
blent,3
cleft,3
elect,3
elegy,3
fleck,3
fleet,3
kneel,3
wheel,3
bowel,3
elbow,3
hotel,3
hovel,3
towel,3
bulge,3
flute,3
clime,3
elite,3
clove,3
elope,3
globe,3
glove,3
doled,3
loved,3
lowed,3
model,3
elfin,3
filet,3
impel,3
libel,3
liken,3
linen,3
excel,3
idled,3
tiled,3
mills,3
pills,3
sills,3
wills,3
boils,3
coils,3
idols,3
soils,3
bowls,3
cools,3
pools,3
souls,3
bulls,3
gulls,3
fools,3
fowls,3
billy,3
filly,3
fitly,3
icily,3
imply,3
built,3
bully,3
fully,3
quill,3
quilt,3
chill,3
hilly,3
could,3
would,3
nobly,3
guilt,3
gully,3
holly,3
hotly,3
kinds,3
winds,3
wings,3
winks,3
bogus,3
focus,3
bombs,3
booms,3
combs,3
dooms,3
bonds,3
gongs,3
nooks,3
ponds,3
songs,3
books,3
docks,3
hoods,3
boons,3
coins,3
downs,3
gowns,3
joins,3
boots,3
costs,3
hoots,3
hosts,3
posts,3
bucks,3
cuffs,3
fjord,3
bunks,3
funds,3
junks,3
buoys,3
pious,3
busts,3
butts,3
ducts,3
tufts,3
chins,3
shins,3
signs,3
skins,3
spins,3
discs,3
disks,3
picks,3
sighs,3
chops,3
shops,3
shows,3
coups,3
soups,3
fists,3
gifts,3
spits,3
ticks,3
twigs,3
hints,3
knits,3
pints,3
tints,3
hunts,3
units,3
knobs,3
knows,3
snobs,3
snows,3
mists,3
myths,3
moods,3
mucus,3
mumps,3
shots,3
spots,3
stops,3
shuts,3
studs,3
skims,3
whims,3
prick,3
dirty,3
girth,3
mirth,3
third,3
brink,3
drink,3
brood,3
droop,3
fiord,3
groom,3
ivory,3
prior,3
vizor,3
broth,3
throb,3
throw,3
troop,3
wroth,3
brown,3
drown,3
brunt,3
burro,3
group,3
juror,3
proud,3
chirp,3
crick,3
choir,3
chord,3
crock,3
crook,3
dowry,3
forgo,3
wordy,3
worry,3
forth,3
forty,3
motor,3
worth,3
irony,3
wrong,3
furry,3
hurry,3
murky,3
grimy,3
myrrh,3
privy,3
whirr,3
trump,3
truth,3
birds,3
brigs,3
brims,3
drips,3
firms,3
girds,3
grips,3
doors,3
fords,3
words,3
brows,3
frogs,3
burrs,3
virus,3
cords,3
corks,3
corps,3
crops,3
cross,3
crows,3
drugs,3
drums,3
grubs,3
spurs,3
forts,3
sorts,3
fours,3
hours,3
pours,3
yours,3
stirs,3
trips,3
writs,3
boost,3
joust,3
bosom,3
mossy,3
soggy,3
sough,3
bushy,3
dusky,3
dusty,3
gusty,3
musty,3
stuck,3
study,3
stuff,3
music,3
hoist,3
ghost,3
scout,3
shoot,3
shout,3
stout,3
gusto,3
stock,3
stood,3
midst,3
sight,3
visit,3
scoff,3
shock,3
shook,3
showy,3
smock,3
smoky,3
spook,3
swoop,3
swift,3
twist,3
whist,3
shiny,3
suing,3
swing,3
using,3
shoon,3
shown,3
snowy,3
swoon,3
synod,3
sixth,3
sixty,3
skiff,3
swish,3
whisk,3
skunk,3
sunny,3
swung,3
smith,3
stick,3
stiff,3
sonny,3
sound,3
sooth,3
sooty,3
south,3
sting,3
stink,3
blade,3
blame,3
blaze,3
elate,3
plate,3
flake,3
flame,3
glade,3
glaze,3
place,3
plane,3
flash,3
slash,3
flask,3
slang,3
slain,3
snail,3
bless,3
clefs,3
clews,3
glens,3
blues,3
clues,3
elves,3
flees,3
flues,3
lutes,3
boles,3
moles,3
poles,3
miles,3
piles,3
tiles,3
flies,3
plies,3
floes,3
lobes,3
loves,3
likes,3
limes,3
lines,3
lives,3
flesh,3
pulse,3
loose,3
louse,3
sleek,3
sleep,3
sleet,3
slept,3
slice,3
slide,3
blink,3
fling,3
lying,3
flock,3
blood,3
bloom,3
flood,3
gloom,3
igloo,3
limbo,3
flown,3
lingo,3
fluff,3
fluid,3
plumb,3
bulky,3
lumpy,3
pulpy,3
pupil,3
civil,3
click,3
cling,3
cluck,3
clump,3
flick,3
milch,3
filmy,3
livid,3
milky,3
vigil,3
flint,3
glint,3
folio,3
lobby,3
gulch,3
lucid,3
lucky,3
light,3
limit,3
multi,3
tulip,3
slips,3
blots,3
plots,3
blows,3
slops,3
bolts,3
volts,3
bulbs,3
bulks,3
lungs,3
clods,3
clogs,3
films,3
limbs,3
flits,3
slits,3
loins,3
longs,3
yolks,3
hilts,3
lifts,3
lists,3
tilts,3
lions,3
looks,3
looms,3
loons,3
loops,3
plugs,3
plums,3
slugs,3
slums,3
bluer,3
elder,3
flyer,3
clerk,3
cruel,3
ulcer,3
enrol,3
older,3
flier,3
idler,3
viler,3
liker,3
liner,3
liver,3
lover,3
lower,3
blurt,3
glory,3
broil,3
lurid,3
floor,3
flour,3
growl,3
prowl,3
twirl,3
whirl,3
blush,3
plush,3
slush,3
scowl,3
sloop,3
spool,3
sibyl,3
silky,3
slick,3
slimy,3
sling,3
slink,3
sloth,3
stool,3
slump,3
slung,3
slunk,3
sulky,3
boars,3
scars,3
soars,3
spars,3
brags,3
crags,3
drags,3
brass,3
crass,3
brats,3
trams,3
traps,3
trays,3
crabs,3
drams,3
draws,3
drays,3
prays,3
wraps,3
grabs,3
grams,3
boast,3
toast,3
quasi,3
soapy,3
spasm,3
scamp,3
smack,3
shady,3
shaky,3
snaky,3
spawn,3
swain,3
staff,3
staid,3
stamp,3
stand,3
stank,3
bored,3
gored,3
pored,3
cower,3
hover,3
wooer,3
cured,3
fired,3
freed,3
fried,3
greed,3
irked,3
urged,3
crepe,3
crime,3
curve,3
eyrie,3
fiery,3
gripe,3
purge,3
quire,3
wreck,3
bride,3
crude,3
dirge,3
drive,3
pride,3
prude,3
buyer,3
cheer,3
crier,3
brine,3
inure,3
prune,3
urine,3
broke,3
error,3
probe,3
there,3
tribe,3
truce,3
diver,3
drier,3
udder,3
wider,3
credo,3
drove,3
crone,3
prone,3
diner,3
under,3
enter,3
inter,3
ether,3
greet,3
three,3
threw,3
tiger,3
truer,3
finer,3
green,3
infer,3
inner,3
miner,3
force,3
forge,3
gorge,3
odder,3
order,3
otter,3
outer,3
overt,3
throe,3
wrote,3
tired,3
treed,3
tried,3
bores,3
mores,3
pores,3
sores,3
cores,3
cures,3
cress,3
crews,3
dregs,3
dress,3
fires,3
hires,3
sires,3
tires,3
wires,3
frees,3
trees,3
urges,3
frets,3
greys,3
press,3
preys,3
tress,3
piers,3
tiers,3
pries,3
tries,3
brisk,3
frisk,3
prism,3
sprig,3
burst,3
strut,3
first,3
tryst,3
wrist,3
prosy,3
spoor,3
visor,3
shirk,3
smirk,3
shirt,3
skirt,3
shorn,3
sword,3
sworn,3
short,3
snort,3
sport,3
shrub,3
shrug,3
syrup,3
spurn,3
usurp,3
usury,3
stork,3
storm,3
story,3
drill,3
drily,3
droll,3
dryly,3
frill,3
grill,3
troll,3
truly,3
chest,3
guest,3
quest,3
sheet,3
sweet,3
chose,3
obese,3
shove,3
whose,3
dosed,3
goose,3
house,3
moose,3
mouse,3
souse,3
sowed,3
ensue,3
sheen,3
fused,3
guise,3
shied,3
issue,3
sheik,3
sided,3
siege,3
sieve,3
sized,3
noose,3
nosed,3
poesy,3
posed,3
posse,3
scope,3
spoke,3
speck,3
speed,3
sweep,3
shine,3
swine,3
since,3
sinew,3
singe,3
skein,3
smite,3
suite,3
smote,3
stove,3
those,3
spice,3
spied,3
spike,3
steed,3
these,3
upset,3
clams,3
clans,3
class,3
claws,3
flags,3
flats,3
flaws,3
glass,3
plans,3
plays,3
loads,3
loans,3
slabs,3
slags,3
slats,3
slays,3
scarf,3
shark,3
sharp,3
spark,3
smart,3
start,3
stair,3
stark,3
sward,3
swarm,3
crest,3
curse,3
fresh,3
nurse,3
purse,3
gorse,3
horse,3
miser,3
usher,3
score,3
shore,3
snore,3
spore,3
store,3
screw,3
shrew,3
strew,3
sheer,3
sneer,3
steer,3
super,3
surer,3
shire,3
sperm,3
spire,3
stern,3
surge,3
shred,3
siren,3
spree,3
deals,3
seals,3
delay,3
medal,3
legal,3
venal,3
erase,3
spare,3
scald,3
scaly,3
shall,3
shalt,3
stalk,3
stall,3
rabbi,3
rabid,3
radii,3
rapid,3
radio,3
ratio,3
raked,3
raved,3
rarer,3
raven,3
rakes,3
rates,3
raves,3
rebus,3
reins,3
reefs,3
reeks,3
rents,3
rests,3
reeve,3
revue,3
refer,3
renew,3
refit,3
remit,3
rheum,3
rhyme,3
rupee,3
rider,3
ridge,3
ripen,3
riper,3
riven,3
river,3
rivet,3
robed,3
roped,3
rowed,3
rogue,3
rouge,3
route,3
ricks,3
risks,3
rings,3
rungs,3
riots,3
roots,3
rooks,3
rooms,3
rimes,3
rises,3
ropes,3
roses,3
runes,3
ruses,3
scull,3
skulk,3
skull,3
shyly,3
slyly,3
sully,3
skill,3
spill,3
swill,3
spilt,3
still,3
shelf,3
shell,3
spell,3
swell,3
stole,3
style,3
again,2
await,2
chaff,2
chain,2
coach,2
foamy,2
khaki,2
knack,2
thank,2
whack,2
abase,2
mocks,2
chase,2
shade,2
spade,2
evoke,2
adage,2
agape,2
apace,2
amaze,2
chafe,2
knave,2
evade,2
image,2
inane,2
abbey,2
abode,2
above,2
anime,2
acute,2
atone,2
badge,2
begin,2
gawky,2
baked,2
demon,2
famed,2
gaped,2
pawed,2
waked,2
thumb,2
bathe,2
caged,2
cameo,2
cheap,2
cheat,2
dance,2
actor,2
faced,2
awful,2
askew,2
ocean,2
afoot,2
amigo,2
amity,2
annoy,2
aught,2
axiom,2
banal,2
baggy,2
candy,2
camps,2
below,2
batch,2
datum,2
baton,2
bumps,2
cabby,2
backs,2
dogma,2
flaps,2
gamut,2
gaunt,2
gotta,2
magic,2
pagan,2
patio,2
taboo,2
wagon,2
adorn,2
apron,2
angry,2
aroma,2
arrow,2
attar,2
borax,2
begot,2
foray,2
abler,2
alert,2
alter,2
clear,2
later,2
abuse,2
aspen,2
asset,2
basal,2
caste,2
aglow,2
manse,2
paste,2
pause,2
sated,2
speak,2
stead,2
sweat,2
abyss,2
avows,2
aunts,2
chess,2
hawks,2
bight,2
banks,2
dwarf,2
dawns,2
casts,2
fasts,2
gasps,2
pains,2
pangs,2
pants,2
paths,2
pawns,2
aches,2
asses,2
antes,2
swims,2
canes,2
ample,2
swamp,2
oases,2
acres,2
cares,2
dares,2
earns,2
motif,2
hares,2
adder,2
adore,2
brick,2
afire,2
after,2
agree,2
auger,2
aired,2
amber,2
armed,2
eager,2
cheek,2
cream,2
dream,2
earth,2
extra,2
harem,2
maker,2
tamer,2
taper,2
tread,2
adult,2
apply,2
daily,2
gayly,2
madly,2
manly,2
tally,2
aegis,2
aeons,2
mesas,2
agile,2
amble,2
ankle,2
cable,2
allot,2
blind,2
album,2
along,2
alpha,2
anvil,2
final,2
begat,2
canal,2
cloak,2
fever,2
latch,2
palmy,2
papal,2
phial,2
polka,2
talon,2
alive,2
angel,2
gavel,2
chime,2
navel,2
panel,2
aisle,2
sable,2
alarm,2
brawl,2
trail,2
alias,2
altos,2
atlas,2
calms,2
halts,2
lacks,2
laths,2
axles,2
bales,2
lames,2
males,2
carol,2
flora,2
larch,2
largo,2
larva,2
moral,2
mural,2
trial,2
ultra,2
amass,2
chaos,2
chats,2
foams,2
gnats,2
goads,2
goats,2
moans,2
snaps,2
stags,2
toads,2
angst,2
basic,2
basin,2
daisy,2
nasty,2
pansy,2
pasha,2
pasty,2
pshaw,2
saint,2
saith,2
satin,2
sigma,2
squat,2
unsay,2
vista,2
waist,2
grunt,2
apart,2
award,2
braid,2
frond,2
chair,2
chart,2
craft,2
diary,2
draft,2
drain,2
graph,2
hoard,2
tiara,2
wrath,2
parse,2
sabre,2
shear,2
spear,2
astir,2
satyr,2
spray,2
stray,2
sugar,2
auras,2
barks,2
darts,2
marts,2
black,2
clack,2
claim,2
clamp,2
clang,2
clank,2
flaky,2
plain,2
aware,2
brave,2
trade,2
fails,2
falls,2
hails,2
jumps,2
sails,2
tails,2
lasso,2
nasal,2
palsy,2
salon,2
salsa,2
salvo,2
shoal,2
usual,2
beady,2
beaux,2
heave,2
meant,2
peace,2
teach,2
weave,2
heats,2
means,2
meats,2
teams,2
beard,2
heard,2
heart,2
weary,2
yearn,2
bears,2
dears,2
fight,2
nears,2
years,2
beast,2
seamy,2
tease,2
ceded,2
depot,2
decoy,2
deign,2
deuce,2
fetid,2
hence,2
dowdy,2
tepid,2
butte,2
mused,2
needs,2
penis,2
peons,2
sects,2
sends,2
sexes,2
teens,2
veins,2
began,2
decay,2
media,2
devil,2
ledge,2
lemon,2
belle,2
belly,2
hello,2
jelly,2
newly,2
bowed,2
check,2
sells,2
tells,2
yells,2
lends,2
pelts,2
bergs,2
heirs,2
herbs,2
terms,2
verbs,2
civet,2
genre,2
tenor,2
weird,2
beryl,2
leper,2
lever,2
peril,2
dense,2
seedy,2
bugle,2
exult,2
guile,2
quell,2
tulle,2
uncle,2
crimp,2
biped,2
climb,2
cloud,2
fudge,2
budge,2
fiche,2
birch,2
empty,2
dimes,2
epoch,2
knife,2
nonce,2
often,2
owned,2
quote,2
toned,2
toque,2
tuned,2
video,2
pivot,2
cubit,2
optic,2
copse,2
diets,2
dines,2
domes,2
dunes,2
miens,2
mines,2
modes,2
omens,2
times,2
blown,2
birth,2
lymph,2
dummy,2
chick,2
chink,2
chunk,2
comic,2
cough,2
cubic,2
dunno,2
drift,2
funny,2
icing,2
knock,2
night,2
ought,2
owing,2
pinto,2
putty,2
touch,2
tunic,2
uncut,2
unfit,2
union,2
unity,2
vomit,2
inlet,2
elude,2
extol,2
glide,2
lodge,2
olden,2
plied,2
tilde,2
bliss,2
block,2
fills,2
foils,2
hills,2
howls,2
hulls,2
tills,2
toils,2
tolls,2
tools,2
build,2
child,2
dimly,2
dully,2
godly,2
golly,2
guild,2
idyll,2
knoll,2
oddly,2
bonus,2
crowd,2
bouts,2
chips,2
chums,2
hymns,2
knots,2
minds,2
mints,2
minus,2
monks,2
moons,2
moths,2
nouns,2
omits,2
shuns,2
tombs,2
tongs,2
towns,2
twins,2
bruin,2
burnt,2
churn,2
crony,2
croup,2
crown,2
crumb,2
crypt,2
curry,2
donor,2
drunk,2
forum,2
frock,2
fruit,2
gourd,2
gruff,2
horny,2
incur,2
mourn,2
north,2
occur,2
orbit,2
porch,2
print,2
thorn,2
torch,2
trick,2
trout,2
truck,2
trunk,2
tutor,2
burns,2
corns,2
cribs,2
clasp,2
curds,2
fishy,2
grins,2
horns,2
hurts,2
irons,2
tours,2
trots,2
truss,2
turns,2
bison,2
gypsy,2
kiosk,2
noisy,2
pussy,2
scion,2
chalk,2
sniff,2
snout,2
snuff,2
spicy,2
spiny,2
spoon,2
spout,2
spunk,2
stint,2
stoic,2
stony,2
stoop,2
stump,2
stung,2
stunt,2
tipsy,2
email,2
blare,2
flare,2
glare,2
blast,2
clash,2
shawl,2
slack,2
slant,2
bluff,2
isles,2
liens,2
mules,2
sleds,2
blest,2
close,2
islet,2
slime,2
slope,2
solve,2
steel,2
blond,2
blunt,2
clock,2
cloth,2
clown,2
clung,2
colic,2
colon,2
filch,2
flout,2
flung,2
lofty,2
login,2
lunch,2
lynch,2
pilot,2
pluck,2
until,2
blocs,2
clips,2
clubs,2
colds,2
colts,2
cults,2
licks,2
locks,2
locus,2
lotus,2
lusts,2
gruel,2
lured,2
churl,2
flirt,2
lurch,2
lyric,2
flush,2
lousy,2
lusty,2
solid,2
split,2
spoil,2
grass,2
stars,2
chasm,2
coast,2
gnash,2
scant,2
shack,2
shaft,2
shank,2
smash,2
snack,2
spank,2
stack,2
stain,2
borne,2
grief,2
price,2
brute,2
cider,2
drone,2
entry,2
forte,2
horde,2
inert,2
nicer,2
offer,2
other,2
owner,2
tower,2
trend,2
utter,2
voter,2
cries,2
doers,2
dries,2
users,2
brush,2
crisp,2
crush,2
crust,2
curst,2
frost,2
scorn,2
scour,2
scrip,2
scrub,2
sorry,2
spurt,2
strip,2
torso,2
trust,2
worst,2
burly,2
curly,2
trill,2
world,2
cedar,2
debar,2
zebra,2
qualm,2
smoke,2
exist,2
noise,2
onset,2
poise,2
scene,2
scent,2
shone,2
snipe,2
spend,2
spine,2
spite,2
steep,2
stone,2
claps,2
slaps,2
coals,2
goals,2
opals,2
ovals,2
vials,2
crash,2
grasp,2
trash,2
osier,2
poser,2
prose,2
sober,2
swore,2
wiser,2
worse,2
wrest,2
curls,2
girls,2
hurls,2
heals,2
meals,2
peals,2
dealt,2
mealy,2
delta,2
metal,2
pedal,2
penal,2
petal,2
duels,2
evils,2
fuels,2
easel,2
lapse,2
salve,2
steal,2
scare,2
share,2
snare,2
stare,2
exalt,2
whale,2
lairs,2
larks,2
leads,2
leaks,2
leans,2
leaps,2
leafy,2
leaky,2
leapt,2
leave,2
learn,2
pearl,2
lease,2
leash,2
least,2
lords,2
lurks,2
psalm,2
scalp,2
small,2
rainy,2
rajah,2
ranch,2
rayon,2
razor,2
roman,2
raced,2
racer,2
range,2
rated,2
races,2
rages,2
rares,2
racks,2
rafts,2
raids,2
rains,2
ranks,2
reach,2
react,2
ready,2
reads,2
reams,2
reaps,2
rears,2
rebel,2
relic,2
repel,2
revel,2
reeds,2
rends,2
rebut,2
recur,2
reedy,2
reign,2
regal,2
relax,2
relay,2
reset,2
resin,2
roved,2
rover,2
ruder,2
rifts,2
rocks,2
roofs,2
routs,2
ruffs,2
ruins,2
rides,2
rites,2
robes,2
right,2
rigid,2
robin,2
rocky,2
roomy,2
rough,2
round,2
rowdy,2
riled,2
ruled,2
ruler,2
rills,2
rolls,2
rinse,2
risen,2
riser,2
rouse,2
risky,2
roost,2
rosin,2
rival,2
royal,2
rural,2
roads,2
roams,2
roars,2
roles,2
rules,2
sadly,2
sally,2
scale,2
shale,2
stale,2
scold,2
silly,2
slily,2
serge,2
serum,2
sever,2
sewer,2
terse,2
verse,2
smell,2
smelt,2
smile,2
spelt,2
stile,2
slake,2
slate,2
slave,2
finch,1
aback,1
abaft,1
adapt,1
champ,1
chant,1
depth,1
admit,1
abate,1
acorn,1
cadet,1
abhor,1
abide,1
ached,1
acted,1
adept,1
agent,1
mated,1
abbot,1
ingot,1
about,1
agony,1
antic,1
avoid,1
bacon,1
capon,1
bandy,1
banjo,1
fatty,1
match,1
canto,1
paint,1
array,1
cargo,1
copra,1
damps,1
avert,1
amply,1
badly,1
balmy,1
naval,1
coral,1
thong,1
basso,1
ditch,1
drank,1
sheep,1
gipsy,1
clink,1
shift,1
salty,1
chute,1
month,1
befit,1
deity,1
spent,1
lined,1
bevel,1
berth,1
dingy,1
guide,1
token,1
chide,1
cited,1
mined,1
oxide,1
noted,1
count,1
might,1
bitch,1
dough,1
doubt,1
mount,1
point,1
oiled,1
filth,1
court,1
front,1
foist,1
moist,1
scoop,1
cliff,1
clout,1
logic,1
grist,1
cried,1
swept,1
sower,1
earls,1
early,1
false,1
feral,1
liars,1
loser,1
lures,1
rails,1
raise,1
rally,1
realm,1
reels,1
repay,1
reply,1
rifle,1
roast,1
sedan,1
serve,1
snarl,1
solar,1
surly,1
swirl,1
reals,0
