reals,0
finch,1
aback,1
quack,3
abaft,1
quaff,3
adapt,1
again,2
twain,3
await,2
chaff,2
chain,2
champ,1
chant,1
coach,2
foamy,2
giant,3
piano,3
guano,3
twang,3
khaki,2
knack,2
thank,2
whack,2
depth,1
abase,2
snake,3
suave,3
usage,3
mocks,2
chase,2
shake,3
shame,3
shave,3
phase,3
shape,3
shade,2
skate,3
state,3
space,3
spake,3
spade,2
evoke,2
stage,3
stake,3
stave,3
admit,1
abate,1
agate,3
adage,2
agape,2
apace,2
awake,3
amaze,2
acorn,1
chafe,2
knave,2
quake,3
enact,3
exact,3
evade,2
image,2
inane,2
cadet,1
abbey,2
annex,3
abhor,1
abide,1
abode,2
adobe,3
ahead,3
amend,3
knead,3
above,2
anime,2
awoke,3
hyena,3
ached,1
acted,1
acute,2
added,3
aided,3
adept,1
adieu,3
aimed,3
agent,1
wheat,3
atone,2
badge,2
begin,2
baize,3
gauge,4
gauze,4
maize,4
waive,4
mange,3
mauve,3
maybe,3
naive,3
paean,3
vague,3
gawky,2
baked,2
naked,4
demon,2
dazed,4
famed,2
named,4
paved,4
gaped,2
gazed,3
pawed,2
payed,3
waged,3
waked,2
waned,4
waved,4
waxed,4
thumb,2
bated,3
dated,4
fated,4
hated,3
mated,1
tamed,3
taxed,3
bathe,2
abbot,1
cache,3
canoe,3
caged,2
caked,3
caved,3
cameo,2
cheap,2
cheat,2
dance,2
actor,2
eaten,3
oaten,3
taken,3
faced,2
awful,2
faded,3
jaded,3
waded,3
askew,2
haven,3
oaken,3
waken,3
waxen,3
ocean,2
ingot,1
afoot,2
about,1
adopt,3
audit,3
habit,3
tacit,3
affix,3
maxim,3
vapid,3
aging,3
aping,3
gamin,3
agony,1
among,3
gonna,3
mango,3
amigo,2
amity,2
attic,3
dicta,3
faith,3
tibia,3
annoy,2
antic,1
audio,3
avoid,1
podia,3
aught,2
axiom,2
banal,2
bacon,1
canon,3
capon,1
nabob,3
baggy,2
bandy,1
dandy,4
candy,2
canny,4
fancy,4
fauna,4
manna,4
handy,3
human,3
banjo,1
nomad,3
woman,3
camps,2
below,2
batch,2
hatch,4
watch,4
catch,3
datum,2
fatty,1
tabby,4
match,1
patch,3
baton,2
bayou,3
cocoa,3
havoc,3
bumps,2
cabby,2
daddy,3
happy,3
madam,3
mamma,3
paddy,3
backs,2
cabin,3
china,3
divan,3
kinda,3
mania,3
panic,3
cacao,3
comma,3
momma,3
oakum,3
poppa,3
vodka,3
canto,1
daunt,3
jaunt,4
taunt,4
vaunt,3
dogma,2
ducat,3
yacht,3
flaps,2
faint,3
paint,1
taint,3
gamma,3
gaudy,3
gauzy,3
gamut,2
gaunt,2
gotta,2
junta,3
natty,3
tawny,3
magic,2
manga,3
mangy,3
pagan,2
patio,2
quota,3
today,3
topaz,3
taboo,2
wagon,2
array,1
adorn,2
amour,3
augur,3
acrid,3
apron,2
angry,2
aroma,2
arrow,2
attar,2
baron,3
cargo,1
circa,3
karma,3
march,3
parka,3
borax,2
begot,2
briar,3
broad,3
croak,3
friar,3
groan,3
organ,3
triad,3
urban,3
cairn,3
cobra,3
copra,1
fakir,3
major,3
manor,3
carry,3
harry,3
marry,3
parry,3
tarry,3
cigar,3
vicar,3
dairy,3
fairy,3
hairy,3
foray,2
hardy,3
harpy,3
party,3
tardy,3
hydra,3
mayor,3
abler,2
alder,3
alert,2
alter,2
clear,2
lager,3
large,3
later,2
layer,3
paler,3
abuse,2
amuse,3
ashen,3
aside,3
asked,3
aspen,2
asset,2
basal,2
based,3
cased,4
eased,4
saved,4
sawed,4
baste,3
caste,2
haste,3
aglow,2
taste,4
waste,4
cause,3
essay,3
manse,2
sauce,3
paste,2
pause,2
sated,2
sheaf,3
sneak,3
speak,2
stead,2
steak,3
steam,3
sweat,2
abyss,2
avows,2
sofas,3
acids,3
amiss,3
atoms,3
autos,3
aunts,2
chess,2
jacks,4
casks,3
daubs,3
hacks,3
hawks,2
masks,4
sagas,4
sacks,3
baits,3
waits,3
bight,2
bands,4
banks,2
bangs,3
fangs,4
gangs,4
hands,3
hangs,3
sands,4
wands,4
dwarf,2
banns,3
dawns,2
fauns,3
fawns,3
yawns,3
basis,3
oasis,3
baths,4
oaths,4
casts,2
facts,3
fasts,2
masts,4
tacks,3
tasks,3
wafts,3
damps,1
gasps,2
wasps,3
gains,3
mains,3
maids,3
waifs,3
packs,3
papas,3
pains,2
pangs,2
pants,2
paths,2
pawns,2
tanks,3
wants,3
aches,2
aides,3
ashes,3
asses,2
ideas,3
antes,2
swims,2
babes,4
eaves,5
fades,5
gapes,5
gazes,5
pages,4
beget,3
bases,4
eases,4
gases,3
vases,4
dames,4
games,4
makes,4
mazes,4
sages,4
saves,4
wages,5
waxes,5
wakes,4
waves,4
cages,3
cakes,4
caves,4
capes,3
cases,3
canes,2
dates,3
fates,4
gates,4
pates,4
mates,3
expel,3
takes,4
tapes,4
taxes,4
ample,2
faces,3
maces,3
paces,3
swamp,2
manes,3
panes,3
vanes,3
wanes,3
names,3
naves,3
oases,2
acres,2
areas,3
avers,3
cares,2
dares,2
earns,2
motif,2
fares,3
mares,3
tares,3
wares,3
hares,2
adder,2
adore,2
brick,2
afire,2
arena,4
argue,4
azure,4
opera,4
break,3
creak,3
freak,4
wreak,4
after,2
agree,2
anger,3
auger,2
aired,2
amber,2
armed,2
avert,1
great,3
treat,3
baker,3
caper,4
paper,4
eager,2
gayer,3
gazer,3
payer,3
wafer,4
waver,4
wager,3
bared,3
cared,3
dared,4
fared,4
pared,4
barge,3
carve,3
farce,3
bread,3
dread,3
cadre,3
padre,3
cheek,2
cater,3
eater,3
hater,3
water,3
cream,2
dream,2
earth,2
extra,2
harem,2
maker,2
tamer,2
taper,2
tread,2
adult,2
amply,1
apply,2
aptly,3
atoll,3
badly,1
dally,3
daily,2
fault,3
vault,3
gaily,3
villa,3
viola,3
gayly,2
madly,2
manly,2
tally,2
aegis,2
aeons,2
mesas,2
agile,2
apple,3
amble,2
angle,3
ankle,2
cable,2
eagle,3
ladle,3
maple,3
fable,3
gable,3
table,3
allot,2
alloy,4
allow,3
aloof,3
blind,2
album,2
alibi,3
allay,3
tidal,3
vital,3
aloft,3
aloud,3
float,3
gloat,3
loyal,3
offal,3
total,3
along,2
alpha,2
appal,3
annul,3
anvil,2
final,2
balmy,1
fatal,3
laity,3
laugh,3
valid,3
waltz,3
begat,2
lanky,3
natal,3
naval,1
cabal,3
calyx,3
cavil,3
canal,2
cloak,2
ducal,3
lilac,3
fever,2
focal,3
local,3
vocal,3
latch,2
palmy,2
papal,2
phial,2
polka,2
talon,2
ailed,3
alike,3
alley,3
alien,3
alone,3
alive,2
angel,2
babel,3
camel,3
hazel,3
label,3
lapel,3
bleak,3
bleat,3
gleam,3
plead,3
clean,3
glean,3
equal,3
ideal,3
gavel,2
chime,2
haled,3
laced,3
lamed,3
lathe,3
paled,3
halve,3
valet,3
value,3
valve,3
laden,3
lance,3
navel,2
panel,2
aisle,2
sable,2
alarm,2
brawl,2
crawl,3
drawl,3
flair,3
frail,3
trail,2
alias,2
altos,2
atlas,2
calms,2
halts,2
lacks,2
lambs,3
lamps,3
palms,3
lands,3
lawns,3
walks,3
lasts,3
salts,3
talks,3
laths,2
aloes,3
fleas,3
pleas,3
axles,2
bales,2
dales,3
gales,4
sales,4
vales,4
pales,3
tales,3
laces,3
lakes,3
lanes,3
lames,2
males,2
coral,1
altar,3
lunar,3
carol,2
flora,2
larch,2
largo,2
larva,2
molar,3
polar,3
moral,2
mural,2
trial,2
ultra,2
thong,1
amass,2
quays,3
sways,3
boats,3
coats,3
moats,3
chaos,2
chaps,3
shams,3
chats,2
foams,2
gnats,2
gnaws,3
snags,3
goads,2
goats,2
moans,2
scans,3
spans,3
swans,3
snaps,2
stabs,3
stays,3
stags,2
toads,2
angst,2
assay,3
squad,3
squaw,3
basic,2
sahib,3
basin,2
basso,1
saucy,3
daisy,2
hasty,3
tasty,3
mason,3
sandy,3
nasty,2
pansy,2
pasha,2
pasty,2
pshaw,2
saint,2
saith,2
satin,2
sigma,2
squat,2
unsay,2
vista,2
waist,2
ditch,1
grunt,2
apart,2
graft,3
grant,3
quart,3
tramp,3
wrapt,3
award,2
board,3
brand,3
fraud,3
grand,3
guard,3
braid,2
brain,3
grain,3
frond,2
bravo,3
brawn,3
frank,3
gravy,3
ovary,3
prank,3
chair,2
charm,3
chary,3
chart,2
crack,3
wrack,3
craft,2
cramp,3
crank,3
crazy,3
franc,3
diary,2
draft,2
drain,2
drama,3
drank,1
drawn,3
graph,2
hoard,2
hoary,3
wharf,3
tiara,2
track,3
tract,3
train,3
trait,3
wrath,2
sheep,1
arise,3
arose,3
aster,3
baser,3
parse,2
sabre,2
safer,3
saner,3
shear,2
smear,3
swear,3
spear,2
gipsy,1
arson,3
straw,3
astir,2
harsh,3
marsh,3
satyr,2
scrap,3
strap,3
spray,2
stray,2
sugar,2
auras,2
barbs,4
barks,2
barns,3
harps,4
parks,4
warns,4
yarns,4
bards,3
cards,3
wards,3
yards,3
carts,3
harts,3
parts,3
tarts,4
warts,4
darts,2
fairs,3
hairs,3
pairs,3
farms,3
harms,3
marks,3
warms,3
marts,2
clink,1
avail,3
quail,3
black,2
bland,3
gland,3
plant,3
blank,3
flank,3
plank,3
clack,2
claim,2
clamp,2
clang,2
clank,2
flail,3
plaid,3
plait,3
flaky,2
llama,3
plaza,3
loamy,3
loath,3
plain,2
aware,2
brace,4
grace,4
crane,3
crape,3
crave,4
craze,4
brake,4
brave,2
frame,3
grape,3
grave,4
graze,4
crate,3
trace,3
drake,3
drape,3
grade,3
grate,3
irate,3
prate,3
trade,2
shift,1
balls,3
calls,3
galls,4
walls,4
fails,2
falls,2
hails,2
halls,3
hauls,3
jumps,2
jails,3
mails,3
nails,4
wails,4
pails,3
sails,2
tails,2
basil,3
lasso,2
nasal,2
palsy,2
salad,3
salty,1
salon,2
salsa,2
salvo,2
shoal,2
usual,2
chute,1
beach,3
peach,3
beady,2
beaux,2
death,3
heath,3
heady,3
heavy,3
heave,2
meant,2
peace,2
teach,2
weave,2
month,1
beads,3
beaks,3
peaks,3
beams,3
seams,3
beans,3
deans,3
jeans,3
feats,3
seats,3
heads,3
heaps,3
heats,2
means,2
meats,2
teams,2
beard,2
heard,2
heart,2
weary,2
yearn,2
bears,2
dears,2
fight,2
fears,3
gears,3
hears,3
pears,4
wears,4
tears,3
nears,2
years,2
beast,2
cease,3
pease,3
feast,3
yeast,3
seamy,2
tease,2
beech,3
bench,3
wench,3
befit,1
feint,3
tempi,3
tempo,3
tenet,3
tepee,3
being,3
feign,3
genie,3
genii,3
begun,3
penny,3
venom,3
venue,3
ceded,2
debit,3
deity,1
debut,3
depot,2
decoy,2
deign,2
deuce,2
fence,3
pence,3
fetch,3
ketch,3
feted,3
meted,3
fetid,2
hedge,3
hewed,3
hence,2
jetty,3
petty,3
dowdy,2
keyed,3
mewed,3
needy,3
vexed,3
wedge,3
weedy,3
neigh,3
weigh,3
teeth,3
tenth,3
tepid,2
spent,1
beets,3
meets,3
teems,3
bends,3
genus,3
mends,3
menus,3
necks,3
cents,3
dents,4
tends,4
gents,3
nests,4
tents,4
vents,4
butte,2
debts,3
fetus,3
jests,4
vests,4
tests,4
texts,4
mused,2
decks,3
desks,3
feuds,3
memes,3
vexes,3
deeds,4
deems,4
feeds,4
heeds,4
weeds,3
weeks,3
deeps,3
keeps,3
peeps,3
weeps,3
needs,2
pecks,3
pesos,3
penis,2
peons,2
pests,3
temps,3
sects,2
seeds,3
seeks,3
seems,3
sends,2
sexes,2
teens,2
veins,2
began,2
decay,2
media,2
lined,1
belie,3
helix,3
welch,3
bevel,1
jewel,3
delve,3
veldt,3
devil,2
felon,3
melon,3
ledge,2
leech,3
lemme,3
lemon,2
levee,3
level,3
belle,2
belly,2
hello,2
jelly,2
newly,2
bowed,2
bells,3
cells,4
fells,4
dells,3
wells,3
check,2
feels,3
heels,3
keels,3
veils,3
sells,2
tells,2
yells,2
belts,3
melts,3
helms,3
leeks,3
helps,3
yelps,3
lends,2
pelts,2
berth,1
bergs,2
ferns,3
germs,3
jerks,3
meres,3
serfs,3
heirs,2
herbs,2
herds,3
heros,3
jeers,3
peers,3
seers,3
terms,2
verbs,2
dingy,1
berry,3
ferry,4
merry,4
jerky,3
mercy,3
civet,2
fewer,3
meter,3
perch,3
verve,3
decry,3
derby,3
defer,3
demur,3
deter,3
eerie,3
merit,3
genre,2
heron,3
nerve,3
never,3
newer,3
merge,3
verge,3
tenor,2
weird,2
beryl,2
leper,2
lever,2
peril,2
beset,3
besom,3
dense,2
geese,3
seize,3
pesky,3
testy,3
sedge,3
sewed,3
seedy,2
semen,3
seven,3
sense,3
tense,3
guide,1
bible,3
title,3
bugle,2
cycle,3
noble,3
whole,3
dwell,3
dwelt,3
exile,3
voile,3
while,3
exult,2
field,3
wield,3
yield,3
guile,2
knell,3
knelt,3
whelp,3
quell,2
tulle,2
uncle,2
token,1
crimp,2
bided,4
dived,3
fixed,4
biped,2
piped,4
wiped,4
chief,3
diced,3
duped,3
ebbed,4
edged,4
egged,4
fumed,3
mixed,3
climb,2
endow,3
boded,4
boxed,4
cooed,4
covey,4
cowed,4
domed,4
modem,4
moped,5
mowed,5
moved,4
dozed,4
hoped,5
oozed,5
joyed,4
vowed,4
wooed,4
boned,3
honey,3
money,3
cloud,2
booze,3
coupe,3
dodge,3
gouge,3
movie,3
vogue,3
voice,3
fudge,2
budge,2
judge,4
chide,1
piece,4
edify,3
equip,3
fiche,2
fugue,3
gimme,3
imbue,4
pique,4
juice,4
queue,4
birch,2
edict,3
eight,3
eject,3
empty,2
ethic,3
piety,3
quite,3
white,3
choke,3
cited,1
muted,3
quiet,3
comet,3
covet,3
doted,3
voted,3
cozen,3
dozen,3
women,3
dimes,2
dined,3
ended,3
fined,4
pined,4
index,3
mined,1
dunce,3
enemy,3
ennui,4
fiend,4
eying,3
hinge,3
mince,3
niche,3
niece,4
wince,4
nudge,4
undue,4
whine,3
ebony,3
ounce,4
enjoy,4
envoy,4
gnome,3
opine,3
ozone,4
phone,4
epoch,2
oxide,1
event,3
inept,3
unite,3
untie,3
given,3
queen,3
vixen,3
widen,3
joked,3
poked,3
yoked,3
knife,2
nonce,2
noted,1
often,2
owned,2
quote,2
theft,3
theme,3
thyme,3
tithe,3
twice,3
thief,3
timed,3
tweed,3
typed,3
thine,3
tinge,3
twine,3
toned,2
toque,2
totem,3
towed,3
toyed,3
tuned,2
video,2
bides,4
sides,4
dices,3
dikes,4
dives,4
hides,3
tides,3
pivot,2
bites,4
cites,4
kites,4
sites,4
fifes,5
fixes,5
gibes,4
sixes,5
sizes,5
fives,4
gives,4
hives,4
wives,4
pikes,4
pipes,4
vices,3
wipes,3
bodes,4
codes,4
doses,4
doves,4
dotes,3
dukes,4
dykes,4
dupes,3
edges,3
cubit,2
bones,3
cones,3
tones,3
tunes,3
zones,3
optic,2
boxes,4
foxes,5
shoes,5
jokes,5
yokes,5
cotes,3
coves,3
cubes,3
fuses,3
husks,3
hopes,4
pokes,4
popes,4
poses,4
oozes,3
tubes,3
types,3
votes,3
copse,2
chefs,3
guess,3
obeys,3
poets,3
steps,3
stews,3
comes,3
fumes,3
homes,3
tomes,3
diets,2
dines,2
domes,2
duets,3
sheds,3
dunes,2
emits,3
items,3
epics,3
exits,3
fiefs,3
views,3
fines,4
pines,4
vines,3
wines,3
knees,3
noses,3
notes,3
miens,2
mimes,3
mites,3
mixes,3
mines,2
modes,2
motes,3
moves,3
muses,3
mutes,3
omens,2
opens,3
ovens,3
poems,3
stems,3
skies,3
spies,3
times,2
count,1
digit,3
wight,4
might,1
tight,3
bigot,3
idiot,3
bitch,1
hitch,4
witch,4
pitch,3
thick,3
blown,2
boggy,3
booby,3
foggy,4
poppy,4
goody,4
moody,4
hobby,3
woody,3
bonny,3
doing,3
downy,3
going,3
birth,2
booth,3
booty,3
motto,3
toddy,3
tooth,3
bough,3
dough,1
lymph,2
bound,4
found,4
wound,4
hound,3
mound,3
pound,3
young,3
buggy,4
fuzzy,4
dummy,2
dumpy,3
gummy,4
mummy,4
humid,3
muddy,3
pudgy,3
puffy,3
puppy,3
bunch,3
hunch,3
munch,3
punch,3
buxom,3
odium,3
opium,3
chick,2
civic,3
chink,2
chuck,3
chump,3
chunk,2
cinch,3
cynic,3
comic,2
conch,3
conic,3
couch,3
cough,2
cubic,2
nymph,3
windy,3
ditto,3
photo,3
ditty,3
fifth,3
fifty,3
pithy,3
thigh,3
timid,3
width,3
witty,3
dizzy,3
giddy,3
jiffy,3
pigmy,3
vivid,3
whiff,3
doubt,1
duchy,3
juicy,3
quick,3
dunno,2
drift,2
dying,3
finny,3
ninny,3
vying,3
pinch,3
winch,3
fount,3
mount,1
fungi,3
undid,3
funny,2
gouty,3
mouth,3
tough,3
youth,3
icing,2
idiom,3
whoop,3
widow,3
joint,3
point,1
knock,2
known,3
onion,3
mimic,3
which,3
night,2
notch,3
tonic,3
ought,2
outdo,3
quoth,3
owing,2
pinto,2
pouch,3
vouch,3
putty,2
thing,3
think,3
tying,3
thump,3
topic,3
toxic,3
touch,2
tunic,2
uncut,2
unfit,2
union,2
unity,2
vomit,2
bilge,3
liege,3
lithe,3
bleed,3
blend,3
glued,3
blent,3
cleft,3
elect,3
elegy,3
fleck,3
fleet,3
kneel,3
wheel,3
bowel,3
elbow,3
hotel,3
hovel,3
novel,4
vowel,4
towel,3
bulge,3
fluke,4
flume,4
flute,3
lunge,4
plume,4
clime,3
elite,3
clove,3
elope,3
globe,3
glove,3
doled,3
loved,3
lowed,3
model,3
elfin,3
filet,3
impel,3
inlet,2
libel,3
liken,3
linen,3
elude,2
excel,3
extol,2
filed,4
piled,4
idled,3
liked,4
lived,4
tiled,3
glide,2
lodge,2
oiled,1
olden,2
plied,2
tilde,2
filth,1
bills,4
gills,4
kills,4
mills,3
pills,3
sills,3
wills,3
bliss,2
boils,3
coils,3
idols,3
soils,3
block,2
bowls,3
cools,3
pools,3
souls,3
bulls,3
dolls,4
polls,4
gulls,3
lulls,4
pulls,4
fills,2
foils,2
fools,3
fowls,3
hills,2
howls,2
hulls,2
tills,2
toils,2
tolls,2
tools,2
billy,3
filly,3
fitly,3
icily,3
imply,3
build,2
built,3
bully,3
fully,3
quill,3
quilt,3
child,2
chill,3
hilly,3
could,3
would,3
coyly,4
lowly,4
folly,4
jolly,4
nobly,3
dimly,2
dully,2
godly,2
golly,2
guild,2
guilt,3
gully,3
holly,3
hotly,3
idyll,2
knoll,2
oddly,2
binds,4
finds,4
hinds,4
finis,4
sings,4
kinds,3
kings,4
pinks,4
sinks,4
winds,3
wings,3
winks,3
bogus,3
focus,3
bombs,3
booms,3
combs,3
dooms,3
bonds,3
gongs,3
nooks,3
ponds,3
songs,3
bonus,2
books,3
cocks,4
cooks,4
socks,4
docks,3
foods,4
goods,4
woods,4
hoods,3
hoofs,4
hooks,4
hoops,4
crowd,2
boons,3
coins,3
downs,3
gowns,3
joins,3
boots,3
costs,3
hoots,3
hosts,3
posts,3
bouts,2
bucks,3
cuffs,3
ducks,4
sucks,4
puffs,4
quips,4
fjord,3
dumps,4
pumps,4
humps,4
humus,4
bunks,3
funds,3
junks,3
buoys,3
pious,3
busts,3
butts,3
ducts,3
gusts,4
tusks,4
quits,4
suits,4
tufts,3
chins,3
shins,3
signs,3
skins,3
spins,3
chips,2
discs,3
disks,3
kicks,4
wicks,4
picks,3
ships,4
whips,4
sighs,3
skips,4
wisps,4
chops,3
shops,3
shows,3
chums,2
coups,3
soups,3
fists,3
gifts,3
spits,3
ticks,3
twigs,3
hints,3
knits,3
pints,3
tints,3
hunts,3
units,3
hymns,2
knobs,3
knows,3
snobs,3
snows,3
knots,2
minds,2
mints,2
minus,2
mists,3
myths,3
moods,3
monks,2
moons,2
moths,2
mucus,3
mumps,3
nouns,2
omits,2
shots,3
spots,3
stops,3
shuns,2
shuts,3
studs,3
skims,3
whims,3
tombs,2
tongs,2
towns,2
twins,2
prick,3
dirty,3
girth,3
mirth,3
third,3
bring,4
briny,4
brink,3
drink,3
grind,4
wring,4
brood,3
brook,4
broom,4
droop,3
fiord,3
groom,3
ivory,3
prior,3
proof,4
proxy,4
vizor,3
broth,3
froth,4
troth,4
throb,3
throw,3
troop,3
wroth,3
brown,3
drown,3
frown,4
grown,4
groin,4
minor,4
bruin,2
brunt,3
burnt,2
burro,3
group,3
juror,3
proud,3
chirp,3
crick,3
choir,3
chord,3
crock,3
crook,3
churn,2
court,1
crony,2
croup,2
crown,2
crumb,2
crypt,2
curry,2
donor,2
dowry,3
forgo,3
wordy,3
worry,3
drunk,2
forth,3
forty,3
motor,3
worth,3
forum,2
frock,2
irony,3
wrong,3
front,1
fruit,2
furry,3
hurry,3
murky,3
gourd,2
grimy,3
myrrh,3
privy,3
whirr,3
gruff,2
horny,2
incur,2
mourn,2
north,2
occur,2
orbit,2
porch,2
print,2
thorn,2
torch,2
trick,2
trout,2
truck,2
trump,3
truth,3
trunk,2
tutor,2
birds,3
brigs,3
brims,3
drips,3
firms,3
girds,3
grips,3
boors,4
moors,4
doors,3
fords,3
forks,4
forms,4
words,3
works,4
worms,4
brows,3
drops,4
dross,4
frogs,3
gross,4
grows,4
props,4
prows,4
burns,2
burrs,3
virus,3
cords,3
corks,3
corps,3
corns,2
cribs,2
clasp,2
crops,3
cross,3
crows,3
curds,2
drugs,3
drums,3
grubs,3
spurs,3
forts,3
ports,4
torts,4
sorts,3
fishy,2
fours,3
hours,3
pours,3
yours,3
grins,2
horns,2
hurts,2
irons,2
stirs,3
trips,3
writs,3
tours,2
trots,2
truss,2
turns,2
bison,2
boost,3
joust,3
bosom,3
mossy,3
soggy,3
sough,3
bushy,3
dusky,3
fussy,4
hussy,4
husky,4
musky,4
dusty,3
gusty,3
musty,3
stuck,3
study,3
stuff,3
music,3
foist,1
hoist,3
moist,1
ghost,3
scout,3
shoot,3
shout,3
stout,3
gusto,3
stock,3
stood,3
gypsy,2
kiosk,2
midst,3
sight,3
visit,3
noisy,2
pussy,2
scion,2
chalk,2
scoff,3
shock,3
shook,3
showy,3
smock,3
smoky,3
scoop,1
spook,3
swoop,3
swift,3
twist,3
whist,3
shiny,3
suing,3
swing,3
using,3
shoon,3
shown,3
snowy,3
swoon,3
synod,3
sixth,3
sixty,3
skiff,3
swish,3
whisk,3
skunk,3
sunny,3
swung,3
smith,3
stick,3
stiff,3
sniff,2
snout,2
snuff,2
sonny,3
sound,3
sooth,3
sooty,3
south,3
spicy,2
spiny,2
spoon,2
spout,2
spunk,2
sting,3
stink,3
stint,2
stoic,2
stony,2
stoop,2
stump,2
stung,2
stunt,2
tipsy,2
blade,3
blame,3
blaze,3
elate,3
plate,3
email,2
flake,3
flame,3
glade,3
glaze,3
place,3
plane,3
blare,2
flare,2
glare,2
blast,2
clash,2
flash,3
slash,3
flask,3
slang,3
shawl,2
slack,2
slain,3
snail,3
slant,2
bless,3
clefs,3
clews,3
glens,3
bluff,2
blues,3
clues,3
elves,3
flees,3
flues,3
lutes,3
boles,3
holes,4
soles,4
moles,3
poles,3
files,4
wiles,4
miles,3
piles,3
tiles,3
flies,3
plies,3
floes,3
lobes,3
loges,4
loses,4
loves,3
isles,2
liens,2
likes,3
limes,3
lines,3
lives,3
mules,2
sleds,2
blest,2
close,2
flesh,3
pulse,3
islet,2
loose,3
louse,3
sleek,3
sleep,3
sleet,3
slept,3
slice,3
slide,3
slime,2
slope,2
solve,2
steel,2
blink,3
fling,3
lying,3
flock,3
blond,2
blood,3
bloom,3
flood,3
gloom,3
igloo,3
limbo,3
flown,3
lingo,3
fluff,3
fluid,3
plumb,3
blunt,2
bulky,3
lumpy,3
pulpy,3
pupil,3
civil,3
click,3
cliff,1
cling,3
clock,2
cloth,2
clout,1
clown,2
cluck,3
clump,3
clung,2
colic,2
colon,2
filch,2
flick,3
milch,3
filmy,3
livid,3
milky,3
vigil,3
flint,3
glint,3
flout,2
flung,2
folio,3
lobby,3
gulch,3
lucid,3
lucky,3
light,3
limit,3
lofty,2
logic,1
login,2
lunch,2
lynch,2
multi,3
tulip,3
pilot,2
pluck,2
until,2
slips,3
blocs,2
blots,3
plots,3
blows,3
floss,4
gloss,4
flows,4
glows,4
slops,3
bolts,3
volts,3
bulbs,3
bulks,3
gulfs,4
lumps,4
hulks,4
sulks,4
lungs,3
clips,2
clods,3
clogs,3
clubs,2
colds,2
colts,2
cults,2
films,3
gilds,4
wilds,4
limbs,3
links,4
silks,4
flits,3
slits,3
folds,4
holds,4
folks,4
solos,4
loins,3
longs,3
yolks,3
hilts,3
lifts,3
lists,3
tilts,3
licks,2
lions,3
looks,3
looms,3
loons,3
loops,3
locks,2
locus,2
lotus,2
lusts,2
plugs,3
plums,3
slugs,3
slums,3
bluer,3
elder,3
flyer,3
clerk,3
cruel,3
ulcer,3
enrol,3
older,3
flier,3
idler,3
viler,3
gruel,2
liker,3
liner,3
liver,3
lover,3
lower,3
lured,2
blurt,3
glory,3
broil,3
lurid,3
churl,2
flirt,2
floor,3
flour,3
growl,3
prowl,3
lurch,2
lyric,2
twirl,3
whirl,3
blush,3
plush,3
slush,3
flush,2
lousy,2
lusty,2
scowl,3
sloop,3
spool,3
sibyl,3
silky,3
slick,3
slimy,3
sling,3
slink,3
sloth,3
stool,3
slump,3
slung,3
slunk,3
sulky,3
solid,2
split,2
spoil,2
grist,1
boars,3
scars,3
soars,3
spars,3
brags,3
crags,3
drags,3
brass,3
crass,3
brats,3
trams,3
traps,3
trays,3
crabs,3
drams,3
draws,3
drays,3
prays,3
wraps,3
grabs,3
grams,3
grass,2
stars,2
boast,3
toast,3
chasm,2
coast,2
gnash,2
quasi,3
soapy,3
spasm,3
scamp,3
smack,3
scant,2
shack,2
shady,3
shaky,3
shaft,2
shank,2
smash,2
snack,2
snaky,3
spawn,3
swain,3
spank,2
stack,2
staff,3
staid,3
stamp,3
stain,2
stand,3
stank,3
bored,3
gored,3
pored,3
borne,2
bower,4
mower,4
power,4
boxer,4
foyer,4
mover,4
comer,4
cover,4
cower,3
hover,3
joker,4
poker,4
wooer,3
grief,2
breed,4
creed,4
erred,4
cried,1
dried,4
pried,4
cured,3
fired,3
freed,3
fried,3
greed,3
hired,4
wired,4
irked,3
urged,3
price,2
bribe,4
grime,4
crepe,3
crime,3
curve,3
every,4
query,4
eyrie,3
fiery,3
furze,4
where,4
gripe,3
prime,4
prize,4
purge,3
quire,3
wreck,3
bride,3
crude,3
dirge,3
drive,3
pride,3
prude,3
brief,4
brier,4
buyer,3
cheer,3
creek,4
creep,4
crier,3
fixer,4
piper,4
viper,4
freer,4
queer,4
upper,4
puree,4
purer,4
brine,3
inure,3
prune,3
urine,3
broke,3
error,3
froze,4
grope,4
grove,4
prove,4
ochre,4
whore,4
probe,3
brute,2
crept,4
erect,4
exert,4
their,4
there,3
tribe,3
trice,4
tripe,4
trite,4
write,4
truce,3
cider,2
diver,3
drier,3
udder,3
wider,3
credo,3
drove,3
crone,3
prone,3
diner,3
under,3
drone,2
enter,3
inter,3
entry,2
ether,3
greet,3
three,3
threw,3
tiger,3
truer,3
finer,3
green,3
infer,3
inner,3
miner,3
force,3
forge,3
gorge,3
forte,2
horde,2
inert,2
nicer,2
odder,3
order,3
offer,2
other,2
otter,3
outer,3
overt,3
throe,3
wrote,3
owner,2
tired,3
treed,3
tried,3
tower,2
trend,2
utter,2
voter,2
bores,3
mores,3
pores,3
sores,3
cores,3
cures,3
cress,3
crews,3
cries,2
doers,2
dregs,3
dress,3
dries,2
fires,3
hires,3
sires,3
tires,3
wires,3
frees,3
trees,3
urges,3
frets,3
greys,3
press,3
preys,3
tress,3
piers,3
tiers,3
pries,3
tries,3
users,2
brisk,3
frisk,3
prism,3
sprig,3
brush,2
burst,3
strut,3
crisp,2
crush,2
crust,2
curst,2
first,3
tryst,3
wrist,3
frost,2
prosy,3
spoor,3
visor,3
scorn,2
scour,2
scrip,2
scrub,2
shirk,3
smirk,3
shirt,3
skirt,3
shorn,3
sword,3
sworn,3
short,3
snort,3
sport,3
shrub,3
shrug,3
syrup,3
sorry,2
spurn,3
usurp,3
usury,3
spurt,2
stork,3
storm,3
story,3
strip,2
torso,2
trust,2
worst,2
burly,2
curly,2
drill,3
drily,3
droll,3
dryly,3
frill,3
grill,3
trill,2
troll,3
truly,3
world,2
cedar,2
debar,2
zebra,2
qualm,2
chest,3
guest,3
quest,3
sheet,3
sweet,3
chose,3
obese,3
shove,3
smoke,2
whose,3
dosed,3
goose,3
house,3
moose,3
mouse,3
souse,3
sowed,3
ensue,3
sheen,3
exist,2
fused,3
guise,3
shied,3
issue,3
sheik,3
sided,3
siege,3
sieve,3
sized,3
noise,2
noose,3
nosed,3
onset,2
poesy,3
posed,3
posse,3
poise,2
scene,2
scent,2
scope,3
spoke,3
speck,3
speed,3
sweep,3
shine,3
swine,3
shone,2
since,3
sinew,3
singe,3
skein,3
smite,3
suite,3
smote,3
stove,3
those,3
snipe,2
spend,2
spice,3
spied,3
spike,3
spine,2
spite,2
steed,3
these,3
steep,2
stone,2
swept,1
upset,3
clams,3
clans,3
class,3
claws,3
claps,2
flags,3
flats,3
flaws,3
glass,3
plans,3
plays,3
loads,3
loans,3
slabs,3
slags,3
slats,3
slays,3
slaps,2
coals,2
goals,2
opals,2
ovals,2
vials,2
crash,2
grasp,2
scarf,3
shark,3
sharp,3
spark,3
smart,3
start,3
stair,3
stark,3
sward,3
swarm,3
trash,2
sower,1
crest,3
curse,3
fresh,3
nurse,3
purse,3
gorse,3
horse,3
miser,3
usher,3
osier,2
poser,2
prose,2
score,3
shore,3
snore,3
spore,3
store,3
screw,3
shrew,3
strew,3
sheer,3
sneer,3
steer,3
super,3
surer,3
shire,3
sperm,3
spire,3
stern,3
surge,3
shred,3
siren,3
spree,3
sober,2
swore,2
wiser,2
worse,2
wrest,2
curls,2
girls,2
hurls,2
deals,3
seals,3
heals,2
meals,2
peals,2
dealt,2
mealy,2
delay,3
medal,3
delta,2
legal,3
venal,3
metal,2
pedal,2
penal,2
petal,2
duels,2
evils,2
fuels,2
earls,1
early,1
false,1
easel,2
lapse,2
salve,2
steal,2
erase,3
spare,3
scare,2
share,2
snare,2
stare,2
exalt,2
whale,2
feral,1
lairs,2
larks,2
leads,2
leaks,2
leans,2
leaps,2
leafy,2
leaky,2
leapt,2
leave,2
learn,2
pearl,2
lease,2
leash,2
least,2
liars,1
lords,2
lurks,2
loser,1
lures,1
psalm,2
scald,3
scaly,3
scalp,2
shall,3
shalt,3
small,2
stalk,3
stall,3
rabbi,3
rabid,3
radii,3
rapid,3
radio,3
ratio,3
rainy,2
rajah,2
ranch,2
rayon,2
razor,2
roman,2
raced,2
racer,2
raged,4
razed,4
raked,3
raved,3
range,2
rarer,3
raven,3
rated,2
races,2
rages,2
rakes,3
rates,3
raves,3
rares,2
racks,2
rafts,2
raids,2
rains,2
ranks,2
rails,1
raise,1
rally,1
reach,2
react,2
ready,2
reads,2
reams,2
reaps,2
rears,2
realm,1
rebel,2
relic,2
repel,2
revel,2
rebus,3
reins,3
reeds,2
reefs,3
reeks,3
rends,2
rents,3
rests,3
rebut,2
recur,2
reedy,2
reeve,3
revue,3
refer,3
renew,3
refit,3
remit,3
reign,2
reels,1
regal,2
relax,2
relay,2
repay,1
reply,1
reset,2
resin,2
rheum,3
rhyme,3
rupee,3
rider,3
ridge,3
ripen,3
riper,3
riven,3
river,3
rivet,3
robed,3
roped,3
rowed,3
rogue,3
rouge,3
route,3
roved,2
rover,2
ruder,2
ricks,3
risks,3
rifts,2
rings,3
rungs,3
riots,3
roots,3
rocks,2
roofs,2
rooks,3
rooms,3
routs,2
ruffs,2
ruins,2
rides,2
rimes,3
rises,3
rites,2
robes,2
ropes,3
roses,3
runes,3
ruses,3
rifle,1
right,2
rigid,2
robin,2
rocky,2
roomy,2
rough,2
round,2
rowdy,2
riled,2
ruled,2
ruler,2
rills,2
rolls,2
rinse,2
risen,2
riser,2
rouse,2
risky,2
roost,2
rosin,2
rival,2
royal,2
rural,2
roads,2
roams,2
roars,2
roast,1
roles,2
rules,2
sadly,2
sally,2
scale,2
shale,2
stale,2
scold,2
scull,3
skulk,3
skull,3
shyly,3
slyly,3
sully,3
silly,2
skill,3
spill,3
swill,3
slily,2
spilt,3
still,3
sedan,1
serve,1
serge,2
serum,2
sever,2
sewer,2
terse,2
verse,2
shelf,3
shell,3
smell,2
smelt,2
smile,2
spell,3
swell,3
spelt,2
stile,2
stole,3
style,3
slake,2
slate,2
slave,2
snarl,1
solar,1
surly,1
swirl,1
